rating,title,content,date,author
5,Definitely should get it,"You guys need to get this app I really recommend it. There are no ads which I’m so grateful for and like if you guys want like aesthetic pictures like instead of just playing pictures like almost half of my gallery have these filters from Dazz Cam and like if you want cute pictures that have like vintage effects on it you need to use Dazz Cam like they have such good stuff on there some stuff for for free but like cute like camera things and there’s like so much other stuff but if you’re looking for like a Camera app, where has filters download Dazz Cam🥹🫰💐",2026-09-15T17:12:43-07:00,Maci !! 🥹💐💝
5,I love ittt,"it’s so fun to explore the different cameras, but unfortunately not all are free but the free ones are really nice!!",2026-09-12T18:39:45-07:00,𝐢𝐭𝐬 𝐨𝐤
5,ASHLEY LOOK AT ME,"Thus app is actually so convenient and cool and I saw my friends and ""influencers"" use it so I downloaded it and yah. FIVE STARS. If you want the yellow date thing with the numbers on the side just tap the camera and look for cpm35 I believe it's 35 not 45 idk I forgot anywaysss baiiiiiiiiii 
: 3 : ) : 0 : P",2026-09-12T10:53:23-07:00,Allthenamesaretakenbutimbella
5,Oh yes,Actually great like I love the effects I just wish I could use the VHS free but like ik that’s why it costs most but still yeah 😼😼🤞💖👑,2026-09-10T16:01:46-07:00,Hey fellas🧁🧇😼👑🔱💕🌊😛
5,I LOVE THIS APP,I like how you can have old cameras and can make either backroom pics or make like 1990 videos of skating. I wish the one time purchase was 10 dollars tho. Anyways great app 100% like it will be using it in future pictures and videos,2026-09-06T09:24:43-07:00,Newt10BooM
5,Dazz pro,"Hi, I can’t return my dazz pro. I bought a new phone, how to return my pro account?",2026-09-06T03:51:31-07:00,Manos_asl
3,.,Фотографий нету не одной вообще с альбома хотя у меня их много а в приложении показывает не одной,2026-09-05T14:18:43-07:00,Анастасия Носкова.
5,Yes,Dazz cam saved my life,2026-09-03T04:30:15-07:00,marinara 346
5,la mejor app para fotos,una de las mejores apps que eh probado 🚀🚀,2026-08-31T14:26:14-07:00,nkajskskanajdiia
5,It’s sooo coool,It’s so awesome… everything about it!!,2026-08-31T08:36:55-07:00,Sethj13
5,ITS SO GOOD,this app is so tuff 10/10,2026-08-30T09:41:39-07:00,Yahhhhh123
5,😘,goodgoodgood for girls!😉😍,2026-08-29T04:17:09-07:00,sguklo
5,Awesome Camera / Film Emulators,"I don’t write reviews a lot but y’all deserve credit. These film and old digital camera looks are amazing, especially the DCR which gives your videos a 2000s home video style look to them. The VHS one I’m a little on the fence with, but it’s still decent. The DCR camera is my favorite personally.",2026-08-28T12:57:48-07:00,TylerStorm
5,Review,Really useful,2026-08-24T21:14:41-07:00,🙂 sa
5,Awesome app,The filters on this app are so awesome.,2026-08-23T20:41:31-07:00,Isac012
1,hate this app,this app literally makes you pay for almost every single camera and nothing is free it’s really annoying and confusing to use definitely wouldn’t recommend using this and finding another app,2026-08-23T16:31:58-07:00,Chance and hadley
4,Free version- pretty good!,"I’ve only been using the free version of the app, but the option available is pretty great compared to my current camera! Not sure if my camera is damaged or if it was the latest update, but it’s replaced it. And I’m very glad that the app has a lock-screen widget option!! It’s very helpful and user friendly (only thing to know is that changing the “A” aperture button will basically change how much light your camera lets in to take the photo).",2026-08-23T11:56:40-07:00,Clara S. G.
5,Perfect experience,"The way you can hide unnecessary cameras is amazing, gives you peace of mind and simplicity. The widget is nice too.",2026-08-23T02:10:56-07:00,Elorxn8
5,Amazing!!,The photos are phenomenal. Every photo looks amazing.,2026-08-22T08:12:30-07:00,Alice Francani
4,idk,it's REALLLLYYY slow but good,2026-08-21T19:01:44-07:00,Natttttttttttttttttt2
3,bug?,"dazz cam worked perfectly earlier this summer, but recently when ive tried to use it it'll say 'capture photo failed!' and then have the dazz cam logo in the center of the camera section. ive looked into my permissions and there's nothing wrong in my settings, so i dont know what's wrong- ive also deleted/redownloaded, and i'm sure im not the only one with this problem",2026-08-20T23:20:35-07:00,snuoqbonus
1,"To be able to edit your photos , it’s an additional 5.99","After using your camera that doesn’t allow us to adjust the brightness and contrast, I have to pay to be able to make the photo usable??",2026-08-19T06:47:42-07:00,Cinthoa Robs
4,Fantastic x100v alternative,"Love the app, just want an option to turn off borders on GRF camera please",2026-08-18T16:06:24-07:00,tayayyyyay
4,review,lwk kinda confusing,2026-08-18T12:12:23-07:00,ariananananlll👸👸🎉🎉
5,Awesome,Best photo app ever,2026-08-16T20:33:30-07:00,YED1919
5,The best app,It makes my photos look so good,2026-08-15T15:04:40-07:00,Bismastar
5,Dayum,"It’s really easy to use, im goddamn shocked.",2026-08-14T12:56:13-07:00,Epstein’sGrandSon
1,正确曝光很难吗,明明色彩玩得都很好，但曝光为什么搞成这个样子？,2026-08-14T04:44:25-07:00,呵呵哒哒哒呀
4,.,Cute!! Kinda hard to use tho!,2026-08-10T17:34:59-07:00,........ E
4,Ok,I like this app but i think you should not have to pay for the simple cameras when you can use all the other ones for free but the way the camera looks compared to the original thing they’re pretty similar,2026-08-09T11:39:56-07:00,Ur mommy 21
5,Love it !!,Great app i love it my worry was that my photos would be stolen or put online because i don’t really use different camera apps but this is by far the best app,2026-08-08T16:06:29-07:00,Averyyoung17
5,awesome,great way to make your photos more aesthetic!!,2026-08-08T00:56:13-07:00,littlebubblebee 1045
4,"I love it! But,","I really like this app. It makes your pictures look very cool and aesthetic. But I will say that it is kinda confusing and you have to use it a couple times to actually understand how to use it effectively. If it came with a tutorial or how-to step guide, it would make it way easier.
Over all really good app and I would recommend it to a friend!",2026-08-05T12:17:34-07:00,🌼𝙽𝚒𝚗𝚊🌼
5,Loveee it,"Deadass I have an actual digital camera and I use this app more, and usually prefer taking pics with it over the actual digicam. Especially when I’m taking selfies! Makes the most gorgeous instagram pictures!",2026-08-03T21:05:02-07:00,Amara!!!!
5,Love Dazz can,I love Dazz cam cuz I keep seeing a bunch of cute pictures with one of the filters I and looked to see what the app was called and I found it so I got Dazz can and I looked for the camera I whated and ther so many options to chose from! Am so happy I looked for it!!!,2026-08-03T16:22:21-07:00,A.💐💗
4,Loved this app till it stopped working,Worked great with excellent filters and processing however within the last week it’s just stopped functioning? Would love to be able to use it again.,2026-07-29T13:24:08-07:00,Stopmakingappsliketiktok
5,Love it!,I love Dazz Cam! It’s gives me the vintage photos without having to buy an expensive digital camera!,2026-07-29T09:03:01-07:00,Dazz can
4,🤍🤍🌸,"Razz cam is so amazing when you want amazing and realistic digital camera pics, a lot of features don’t cost money and the quality is so good, highly recommend if you don’t own a digital camera !!",2026-07-28T17:27:23-07:00,hdmdbrndjdndj
5,Better,Makes my photos look so much better,2026-07-26T22:42:44-07:00,Elenaastor
1,Paywall,Everything’s blocked by paywall,2026-07-26T13:56:45-07:00,Itsfruitpunchy
5,Lo amo,Me encanta,2026-07-24T14:55:17-07:00,Datyad
5,OMG!!!,I’ve been trying to find an app like this and it’s amazing!! I tried another app called Tezza but it limits how many photos you can edit (without paying)But this is completely free !!!!(except for Dazz Pro)💗💗💗💗💗💗💗💗💗💗,2026-07-24T08:33:09-07:00,inv💗
5,My fav app,Dazz cam is my fav app I love it I never regret downloading this app,2026-07-24T05:57:07-07:00,Mahibaarre
1,Takes forever to load pics from camera roll,I bought the pro version yet it takes forever to upload a photo. Sometimes it never does. I hardly use this app for this reason now. It’s so difficult to use and a waste of time,2026-07-23T14:06:47-07:00,_Photographer99
5,просто вау!,"офигенные ретро камеры и всё бесплатно
спасибо разработчикам!",2026-07-22T09:38:21-07:00,артемопгопстоп
5,Amazing!!!!,"This camera is so amazing, I barely take pictures on any other app now! It has lots of different camera options and each photo turns out to be exactly as the physical camera would have taken it!",2026-07-20T09:46:35-07:00,Claireviewing
4,Have to buy pro,Have to buy pro,2026-07-18T15:48:49-07:00,Jenk54
5,five stars,"best app ever , you can take the cutest photos with it",2026-07-18T15:10:53-07:00,meimeii67
5,Amazinggg,It make my pics 10 times prettier and it makes everything aesthetic,2026-07-18T13:07:46-07:00,11/10!!!
5,Great app!,"It works perfectly like a camera, diverse of choices to take photos , and really good quality!",2026-07-17T16:26:02-07:00,EBF pty
4,Good,Very good wish everything was free tho,2026-07-15T15:38:55-07:00,Queen bee was here
5,goated,"doesn’t put an annoying watermark or have ads, you have to pay for some of the cameras but there are still lots that you don’t have to, very happy☺️",2026-07-14T19:36:34-07:00,IcecreamGirl73🍦
5,The best app for the iPhone,This app is hands down the best app for the iPhone. I use it more often than my normal camera. The photos are damn near perfect.,2026-07-13T18:50:20-07:00,SeededRye
5,Watch support,The best app for iPhone! Please add apple watch support: remote control really need!❤️,2026-07-08T09:00:07-07:00,Андрей Ефимов
5,Great,Perfect cameras everrrrr,2026-07-06T17:33:50-07:00,Veryyy niceee111
1,scam,"I purchased Dazz, now it directs me to another app to finish photo editing and I need to pay again",2026-07-05T21:40:41-07:00,brighthmy
5,Perfect,"This camera app is straight forward, had great features, and is such an upgrade from the regular iPhone camera.
Been using for 3 years and haven’t turned back!!",2026-07-05T21:30:23-07:00,Malachi Byrd
5,I love this app!!,"This app literally has only one thing about that about it and that’s if you have to pay money for some of the videos, but that’s really normal like literally I love this happen makes everybody and every single photo photogenic. I compared it with normal photos and there’s obviously difference this is an awesome app. If you’re considering getting this app do it right now it is literally so good. I love it.",2026-07-05T12:34:57-07:00,-------𝕖𝕡-------
4,Get this app instead of a digital camera!,This is such a great app! if you don’t want to spend a lot of money on a digital camera this is a great alternative! it’s free and you can take pictures that make it look like u took them with a digital camera!,2026-07-02T11:34:54-07:00,#1cellist
4,Hate,I just hate it I don't have access to photos,2026-07-02T04:57:56-07:00,Lisa moceiwai
5,Great,Works well- I recommend the CPM35 and the CT2F for a good warm tone and cool tone filter.,2026-07-01T11:25:39-07:00,Alex Yenokida
5,Love it!!,This app is so fun and takes the best photos!! Would recommend! 😁,2026-06-28T15:53:06-07:00,RzolaW
3,Amazing,Less payments,2026-06-28T10:17:07-07:00,Jayballzily
5,ITS SO GOOD!!,me and my friends are always using it to take aesthetic photos!!,2026-06-28T09:49:21-07:00,jed_103
4,Only 4 stars to not look like spam really 5 stars,"It works and I haven’t seen a single add, dose what it says",2026-06-23T18:14:00-07:00,W._.w.
2,Camera,It used to work fine now it won’t let me flip the camera saying device not available I re downloaded to see if it works and it just doesn’t work now am confused cause why did this happen so randomly now i can only take front rear no back rear and im a scenery photographer,2026-06-22T19:20:53-07:00,Lucky I love
5,i looove this app,it is sooo good all the filters are so cute and easy to use! love you sm dazz cam!,2026-06-22T13:26:04-07:00,audrey_girleyy
5,absolutely amazingggggg,so like this app is amazing at first i wasn’t able to get the camera i wanted cuz i was too slow😭😭 but omgg after i figured it out ITS SO EASY AND CUTE,2026-06-22T07:58:27-07:00,Itzzbuffyyyy
5,best camera app ever made,"Genuinely this is the greatest app ever created, i feel so blessed to even have this on my phone and use at my disposal",2026-06-21T17:19:14-07:00,twistovcain
5,5 starss!!,soso amazing!🥹🫰,2026-06-20T08:09:50-07:00,Z03!1
5,Very good,Loved how it’s easy to use,2026-06-19T12:30:37-07:00,123 camera
4,Issue,"Ok so , I don’t know if it’s an problem with the app or maybe just my phone. But, I used to use dazz cam. And I stopped because everytime I open the app it would close out. It’s been about a year since I used it, and I recently started back yesterday. And it’s continuing to do the same thing. Other than that this app is literally the best!",2026-06-18T16:15:55-07:00,Khloe Camille.
1,“This camera dosent support imports”,"Sucks, cant change filter, difficult to use",2026-06-17T13:45:32-07:00,Charlie_12335
5,amazing work,i love this app so much. i posted multiple videos and photos with this app on insta and so many people asked where i got the camera. i just told them “it’s an app actually” and they were so hyped. the photos come out perfectly especially when im taking photos of a sunset. 10/10 amazing app.❤️,2026-06-16T21:35:33-07:00,Doggy Owner2
5,Great VHS just one small thing! And 2 suggestions,"1️⃣Okay so can you add an option for like downgraded audio quality on the DCR and VHS?
2️⃣Add a VHS-C filter PLEASEEEEEEEEEEEEEEEEEEEEEEEEEEEEEEE",2026-06-15T08:31:05-07:00,Uberpodisan
5,lovelovelove,"Genuinely such a good app I found one day when I didn’t have a digital camera. All my friends use it, it literally looks like a digital camera, once you figure out the settings and everything it is absolutely amazing I love it so much and I use it for everything.😁",2026-06-14T23:23:17-07:00,vali.naah
5,THIS APP CHANGED MY LIFE,I have been loyal to this app since 2025. I have never used anything else because why would I. this is my favorite app to take photos and they always come out so good it’s all over my socials. I AM THE #1 DAZZ CAM FAN. thank you.,2026-06-14T09:17:15-07:00,melsreviewinglol
5,Loveee,LOVE!,2026-06-13T18:45:00-07:00,Hallelou💋
5,Love this app,"I love this app it is such great app im not 
Allowed to have snap so i love taking pics and using  the  filters",2026-06-13T14:36:10-07:00,Aubssslays
5,LOVEEE!,such an amazing app!! it has so many great features that are completely free to use and i LOVE that. the camera filters are perfect and id give this app a million stars if i could!!,2026-06-12T22:53:38-07:00,Melody and Add
5,LOVE DAZZ CAM,I Am forever inlove and grateful to have found this app,2026-06-10T18:56:09-07:00,Lorena Leyva
1,Rly disappointed,It makes you upgrade if you want to keep any of ur recordings so yea really annoying unless you have a bunch of money to spend,2026-06-10T14:29:02-07:00,some random cool guy :D
5,Dazz,I love this app so much. It’s the best.,2026-06-10T01:53:37-07:00,Queerandproud
5,"Perfect, my new fav app",I love Dazz cam. I feel like I never use my camera anymore lol. I want to take my wedding photos with this app lowkey,2026-06-07T20:19:28-07:00,ellie the app reviewer lol
5,افضل تطبيق للصور,😮‍💨😮‍💨,2026-06-06T16:41:47-07:00,Dex523
5,Good JOb,I love that’s it free and how you can access different modes without paying I definitely recommend,2026-06-04T23:01:59-07:00,JJ the messenger too tuff
5,OMG BEST APP EVER,"This is by far the best camera app I have ever used! It is literally like, the easiest app to navigate and you have so many different theme and camera options. There is no ads and it never forces you to use or even get pro. The only way you find out if there is a pro is by literally manually going into settings. I don’t know what else to say except you NEED this app!",2026-06-02T19:37:59-07:00,Fa review
5,Amazing,I love how it gives any photo great quality. It also gives you whatever vibe you’re looking for. This is a picture PERFECT app!!,2026-06-02T15:28:18-07:00,brooke dupree🫰🏽
5,Amazing app,Awesome pictures,2026-06-01T20:17:46-07:00,Jeisjsjah
5,Makes the iPhone Camera FUN,It just makes taking pictures fun.,2026-05-30T14:50:07-07:00,tire pressure guy
5,Esthetic,Syuka dng hasilnya,2026-05-30T11:02:20-07:00,Gbrlllaaa
5,Amazing,I’ve recently been obsessed with the 2000s vibes and this app recreates it with these filters!,2026-05-30T10:47:21-07:00,Budget texting
5,w ahh camera….,aura farming camera bro,2026-05-29T14:21:43-07:00,cornklerp
5,Best app ever,"I literally love this app like it’s so amazing. I like the fact that you can pick different filters even though some of them you have to pay, but mostly all of them is free.",2026-05-29T07:32:03-07:00,P.P💘
5,照片编辑功能建议,希望在进行照片编辑的时候，例如曲线和局部颜色调节，可以添加一个一键查看原图的功能，方便对比😉,2026-05-26T19:13:30-07:00,Nexx_t
5,you should get this app!!!,the quality is great,2026-05-26T11:18:47-07:00,Jeilany Guzman
5,SO GOOD,"don’t even need to buy a digital camera. You have to find the right settings, but just go on TikTok and find dazzcam settings. It is unbelievable and I can’t believe how good the free version is",2026-05-23T21:43:43-07:00,christan me
5,absolutely goated,Perfect it’s so cuttttteeeee,2026-05-23T19:49:32-07:00,Happyfaceivy
5,Format,This app is already amazing but would be perfect if you where able to change the formats of the photos,2026-05-22T05:51:43-07:00,ghjklsadf
5,I love this app!,love this app so much! i love talking cute pics it’s amazing! definitely rating this a 5! ♥️,2026-05-21T04:09:15-07:00,Maddie S. 14
5,🦦,Have been using the app for around two years at this point. Still love it to this day. Have been taking a lot of really nice pictures that I still look back too.,2026-05-20T19:06:19-07:00,flying.p3nguin
5,LOVE,this app literally gives you a custom glow up.. i love the filters/effects,2026-05-19T16:17:28-07:00,Avery Guest
5,AMO 💗😘,Me encanta es una buena app y súper linda las fotos te deja un efecto a las fotos como vintage.,2026-05-19T04:51:12-07:00,Camera Vintage photos
5,Yas,Soooo good no money needed and vintage pic ss js like a digital cameraaaaa,2026-05-17T15:44:01-07:00,Myeshakayesh
3,Love,This is probably one of the best camera I have ever tried. It is like so good I love it so much. I love like the colors that you can do choose to be in your photos. I really love this. Thank you for making this.,2026-05-17T10:46:56-07:00,EDA ricks
1,DONT WASTE YOUR TIME,Absolute joke do not waste your time,2026-05-17T05:12:05-07:00,Billy2772
5,Really love this app!! But requestt :),"I really love this app and have been using it for a while. I will continue to use it, however there is one request i would love for you guys to look at. Is it possible to have an import option for the FQS camera. Its in my opinion the best camera in the app, i just wish for an import option to have normal photo’s taken with that camera. 🤗🤗",2026-05-16T10:36:29-07:00,fayebor19
5,OFM能请加上自动白平衡吗？,如题～滤镜不错，就2档白平衡，一言难尽,2026-05-15T17:57:11-07:00,布鲁思陳
2,Not free to take a video,I thought it will be free to take a video with effect but it doesn’t. :(,2026-05-14T17:14:48-07:00,Mimi :) ;(
5,fav camera app!!,"all the necessities are free, and i've been fine without payments!",2026-05-12T23:30:57-07:00,Aliya Agarwal
5,best app,10/10 best camera app for daily use,2026-05-12T00:01:08-07:00,Dilangelo
5,AMAZING,Dazz cam is an AMAZING photo app I have no words!!,2026-05-10T16:09:49-07:00,Cheetagirl67
5,Great replacement for a physical camera,"Absolutely incredible app, I’ve had it for about a month and it changed the game for me. I used a physical digital camera for years, but it broke a little while ago and this was an incredible replacement. It utilizes the iPhone’s already great camera so well, and there’s so many great free options as well as incredible paid options. Easiest 5 star review ever, I literally went back of my own accord to write this review",2026-05-10T13:43:30-07:00,F.L.U.D.D 2.O
5,Love it,"I don’t usually give reviews no matter how bad or good the app is, but this app is literally insane, I’ve gotten a lot of compliments on my photos and asked many times what filter/app I use.",2026-05-09T04:29:39-07:00,sigma girl 6777
5,YAAAAAYYYYYY,YAAAAAAAAYYYYYYYYYYYYYY,2026-05-08T09:35:53-07:00,amazing but……didin't work
5,super fun,i rly like this app good results i dont want to pay 20 dollars for the pro though,2026-05-05T19:36:35-07:00,cadencejerrell
2,Image processing error,"Dear Dazz Cam

I have been using for two days and really enjoy all of camera filters.I even purchased lifetime subscription.
But when I take photos,it looks completely different.
The images are not the same as the ones before I took photos.
It goes too dark and too noise.

That makes me frustrated.
My Device is Iphone 17 pro.
I hope you can fix it or make an advice for me.

Plz Fix it",2026-05-04T22:23:34-07:00,Halvert Hein
5,Dazz cam!!,OMG This cam is soo good! It turns EVERY photo so aesthetic!!!! You could take the rabdomest photo and still make it look good!!! This app is a million out 10!!! Definitely get it!!!,2026-05-03T19:22:54-07:00,yunus abuzittin
5,Me encantaaaaa,Es como una cámara profesional,2026-05-01T17:37:00-07:00,xxanonimaa
5,lovely,my favorite app for taking photos 🥰,2026-05-01T13:05:43-07:00,Somnomia
5,The perfect camera for everyday use on iPhone,"Camera Control support just murdered all doubts. Dazz Cam now launches instantly and slots into the iPhone shooting workflow so naturally that Apple’s native Camera app suddenly feels like a dated relic.
The app has finally reached the level where you can confidently ditch the stock camera entirely and never look back. The balance between visual style, ProRaw speed, and usability is executed at the highest level – everything feels lightning fast, smooth, and damn satisfying.
This update turns Dazz Cam into a legitimate system-level camera replacement. It’s no longer just a pretty third-party app — it’s a real competitor that’s aggressively pushing the native Camera out of the way.
Extremely strong work. Respect. 🔥",2026-04-30T13:41:43-07:00,DOKIIAA
5,❤️❤️❤️❤️🦢,❤️❤️❤️❤️❤️,2026-04-30T10:50:41-07:00,May3nikkkkkk
5,love it,creates such pretty pictures and so easy to use. the pictures come out looking just like a real digital camera.,2026-04-29T10:20:01-07:00,bajar queen
5,just wow,"This so such a good app,the quality is perfect, the way it makes the lighting is chefs kiss, I have never had a better camera app experience in my life. Also you take the BEST eye pics.",2026-04-28T18:09:10-07:00,bRuTaLy HoNeSt 4🫵
5,Soooo good,Don’t have to spend money on an expensive digicam. This app does the trick. Love it!,2026-04-27T13:11:44-07:00,Lolol1111
5,Dazzzz,Amo esta app porque personalmente no soy de cargar tantas cámaras y siento q esta app es perfecta porque kit te da la misma calidad,2026-04-26T23:35:29-07:00,Amooooo esta appp!
1,Lost images,"After trying the free version, I took several amazing photos and was completely confident they were saved! Unfortunately, I saw that they were stored in temporary files that couldn't be viewed. I decided to subscribe in hopes of seeing them later, but no miracle happened! Is there any hope of seeing them, given that they're in storage?",2026-04-25T03:05:01-07:00,Atoll16
3,Preview option please!,"I love this app, but it really bugs me not being able to preview a filter before choosing it. I have to take a picture and see it in order to decide which filter to use, I can’t remember them all. It would be amazing if when choosing which camera/filter to use, that black space above was showing my camera and how does it look on what I’m photographing. Really, really, really bothers me.",2026-04-22T20:32:45-07:00,Hummingbird0812
5,الكويت,جميللل جداااا,2026-04-21T14:30:36-07:00,رورو عمتكم
5,приколдес,фотки очч эстетик,2026-04-21T14:15:58-07:00,бурмалд0
5,💯,Exactly what I wanted!!,2026-04-17T16:43:23-07:00,Kokob34r
5,Camera Control,"Приложение просто супер, добавьте возможность запуска через Camera Control, и будет 6 звёзд, спасибо!",2026-04-17T15:01:17-07:00,Марк Перовский
1,Unwanted recurring subscription charge,I have been charged on a monthly basis for Dazz Pro subscription and cancelling the subscription is messy. Im still not able to figure out how exactly do I cancel it. It says it should show on my apple account but IT IS NOT.,2026-04-15T15:28:03-07:00,Minsakamal
5,Best photography app & you can actually buy it!,"Worth 5 stars just because you can actually buy the app! The filters are excellent for both video and photo. Maybe if the video had a bit more options it would be perfect. Same with photos , just needs a couple more options in order to be perfect.",2026-04-15T14:44:40-07:00,Joey D.34663
5,Ado brought me here!!,"Ado just recommended this app on her Instagram stories, and it’s truly amazing!!",2026-04-15T14:00:29-07:00,MarioManuelV
5,Best camera/filter app,"I love this app so much, the amount of filters that are on this app is insane I would 100% recommend this app",2026-04-14T21:01:13-07:00,Hello star 3333
5,I loooove this app,Im London nd I love this app sooo much,2026-04-12T16:16:37-07:00,𝘭𝘰𝘯𝘭𝘰𝘯🪽
2,too many paid options,Has some features but too many paid options,2026-04-06T12:41:47-07:00,The Reviewer ✔️
5,Good pictures,This make all my pic look so good and I thank u for that and good quality,2026-04-04T08:25:25-07:00,Me the db
5,Самое любимое приложение,лучший,2026-03-31T10:28:00-07:00,I UNICORN 🦄345768
5,awesome!,I don’t usually write reviews but this app is so good. I love taking pictures with it and will continue to always take them pictures with it!! I probably will buy the yearly subscription!!,2026-03-29T08:21:32-07:00,I dont like tis
5,the best app in the world,i’ve been using this app in 2020 and 2022 and all i got to say is that This is an awesome app!! 10/10,2026-03-28T16:50:24-07:00,Taijonerys354
5,amazing,it’s so amazing it makes photos look aesthetic and makes everything you have can be so gorg,2026-03-28T14:40:12-07:00,malihaq
5,LOVE THIS ITS SO AMAZING,"even without DAZZ plus, it’s an amaaaazing app. Best camera app I’ve ever used!! (Other than apple) definitely try CPM35 if your going for vintage!☺️",2026-03-28T05:33:45-07:00,Melllliiii🍄
5,جمال البرنامج🎀🙆🏻‍♀️,برنامج يجنن بمعنى الكلمة🙈🙈,2026-03-27T09:31:22-07:00,جمال البرنامج🙈🙈🙆🏻‍♀️
5,Very nice vintage style,The variety of cameras was prestige,2026-03-26T09:17:46-07:00,SungyWoo
5,❤️,It’s a really good camera and saves you photos!,2026-03-23T11:09:02-07:00,🏄‍♀️🌺
3,Good app,"The app is great, with cool lenses. I don’t want to pay for the premium version, but want my work to save into my photo album. How would I do this?",2026-03-22T19:15:21-07:00,VOXX XXOV
5,Fire,Fire,2026-03-22T18:45:08-07:00,good game good game 395qo
5,Love this app,"I truly recommend this app, makes my pictures and videos look amazing. And I also want them to add a night vision feature like rap music videos that would be amazing. For that late night vibes with friends",2026-03-22T13:16:57-07:00,Yow_P
5,5 stars,"honestly,helps me take the best type of photos, either it’s diji cam vibes, nostalgia or just ethereal vibes. it always makes u look perfect",2026-03-21T12:14:10-07:00,zymalalala
5,Review,Soooo good jst wish u could put pics in for all the cameras but other than that sooo good!!!,2026-03-20T15:36:47-07:00,Lil Jim bob the first
5,Loveeeee,"SO GOOD looks just like a real camera, I recommend picking the GRD R camera setting!",2026-03-14T20:54:13-07:00,Harper1!
5,Best app,Makes photos look nice,2026-03-13T18:41:41-07:00,Reclip master
5,perfect!!,"was looking for a camera app with some personality but without either having ridiculous paywalls or a penchant for harvesting and selling my data — this one checks off both! i appreciate the generous amount of camera options and lack of nag screens for the free version, as well as the fact that there’s a one-time payment option for pro — makes it more likely that i will go for that in the future!

as for the actual filters, they look absolutely gorgeous and super realistic! when i tried out one of the polaroid/instant settings i was impressed with how similar it looked to my physical polaroid camera. i also particularly enjoy the random lightleaks, image temperature, and chromatic abberation settings and the ability to adjust intensity of them. excellent job!!",2026-03-10T19:27:00-07:00,Rubes6
5,Review,This app is wonderful for pictures I love it,2026-03-10T17:35:15-07:00,Marleycplays
5,Love it!!,"I love this app! I use CMP35 and it’s my favorite! It works on mirror pics, sky /beach pics, your own self pics! amazing photo editor I love it!",2026-03-10T16:37:46-07:00,Kenzie🐚🌊🥥🥍
5,Old school Instagram,The filters remind of my OG Instagram before they were bought by Facebook. Paid for the lifetime instantly. One feature request: the ability to program the app the launch with camera control 🙏🏼,2026-03-07T14:27:22-07:00,jaytorres
3,Love love love,Such a awesome good app. It has everything it needs,2026-03-03T15:13:48-07:00,Petunia8880
3,Great app but…,This is a great app but it should have the details of the picture you took so you can create the same look again! For example… the temperature info!,2026-03-02T04:19:21-07:00,tjohn007
5,Can you add the harinezumi?,"Very fun camera app and the free version comes with a lot of functionality. 

Can you add emulation for the toy camera harinezumi?",2026-02-28T19:51:51-07:00,trctrctrctrctrc
4,Amazing camera,This is an absolute fantastic app and pretty much replaced the default camera app but PLEASEEEEE fix the artifacts and black lines appearing for the default camera PRORaw mode (iPhone 14 pro max) it's always a gamble between a good picture and a good now ruined picture from the black lines. Please look into prioritizing that. Thank you,2026-02-28T14:29:33-07:00,valyrianeli
5,Majestic,"I kept seeing this app on Instagram, and the photos that people took with this app looked beautiful. I decided to try the app and took SO MANY MAJESTIC PHOTOS. I don’t know how this app only has 4.8 stars!",2026-02-28T09:04:36-07:00,Takisareg00d
4,Solid film sims,Definitely a pretty dialed film simulator but there can be improvements in removing the “hdr”ness of the shots in higher contrast. If that gets fixed then this might replace my p&s cameras which would be GREAT!,2026-02-28T01:17:54-07:00,owoflux
5,SO GOOD! LOOKS SO GOOD,this app is amazing i’ve had it for a year now and use it all the time it makes any photo look good the video cameras r kinda funky but over all this is a great app.🔥🔥,2026-02-27T19:52:08-07:00,Levi Swift.
5,Mi amado Dazz,"Te amaré por siempre sin importar que las mejores cámaras son de pago, no todo puede ser tan bueno. Te amo eres lo mejor y lo sabes 😘😘",2026-02-26T10:43:44-07:00,La bella Sarah
5,Excellent App,"I’ve been using this since 2023 and it’s my main photography app, experimenting and creating with the cameras is really fun and amazing what you can do here, I would love a black and white video camera, even if I use more the photo cameras. 

This app is worth more the price it offers, great additions over the years.
10/10.",2026-02-26T01:37:35-07:00,Blackjack36p
4,Favorites Section,"It would be great if you could add the cameras you use the most to a ""favorites section”. It would be easier, surely there are people who do not remember which camera they used. Thank you very much, excellent app!!",2026-02-25T07:25:45-07:00,danielchvz
5,Love Dazz Cam!,"The film emulations and real camera feel are fantastic.
Please add full support for the iPhone 16 Camera Control button.
It doesn’t show up yet in Settings > Camera > Camera Control (unlike Blackmagic Cam or Leica LUX), so I can’t set it as default or open it from the lock screen.
Quick launch + gesture support would be perfect for everyday retro photography.
Thanks for the great work!",2026-02-24T18:56:39-07:00,gquuuux
5,YEYYSYYS,"It’s rlly good I just can’t switch the color of the dates, if that makes sense",2026-02-20T11:25:53-07:00,melisaaa #1
5,Love the effect but,"Love all the film camera options and results, great work, but it would be EVEN better if it lets me bookmark(or heart) my favorite cameras",2026-02-18T10:53:28-07:00,mar damn it
5,THE BEST,"THIS APP IS ABSOLUTELY AMAZING AND I LOVE THIS, IT HAS ALL DIFFERENT VARIETIES OF STUFF AND ITS JUST LITERALLY PERFECT!!!",2026-02-15T09:19:59-07:00,Can get boring after a while
5,loveeeee it so vintage looking,love it so much,2026-02-08T16:25:40-07:00,siana lucero
5,My #1,"I’ve been using this app since about 2020 and it is always my go to. Oftentimes I will reach for this over the built in camera app, whether it’s for a snapshot or trying to capture a meaningful moment. I pay the yearly subscription (because I keep forgetting to switch to the lifetime) and it is always worth it for me. My favourite camera app & the kind of app I had been searching for, for YEARS 💗",2026-02-07T08:32:43-07:00,jasminekate.j
5,Very fun to play around with,Great app and not to mention it’s free for some very cool camera options. Please add a favorite camera section,2026-02-07T07:14:49-07:00,iHung
5,I love this app,There are so many camera options and I love all of them!! They give exactly the vintage look I was wanting and now I don’t even feel the need to buy an actual digital camera!,2026-02-06T16:58:52-07:00,*{Daisy}*
1,просит доступ к камере перекидывает в настройки там даже нету этой кнопки,УЖАС!,2026-02-05T23:07:39-07:00,егорхаритонов
5,Incredible,Literally one of the best apps I have. Not the least bit greedy or clunky like some of the other camera apps.,2026-02-04T06:53:13-07:00,iamthe_cowboy
5,App,I’ve been looking for this app everywhere I finally found it it works perfect for my photos I love the cmp35 filter!,2026-02-02T17:45:25-07:00,Brenley1234
5,I love this app!,I absolutely love this app so much. I recommended 100%! Me and my friends love this for vacation and any reason to take photos!,2026-01-30T20:22:39-07:00,Kinsley Mokler
5,Favorite App Could Replace Real Camera,"This app really is the best film app I’ve tried and I’m using it for pretty much everything now. The FQS filter as others have said is the best by far. My only request is to please please please add an auto exposure and auto white balance mode to the FQS. Or even better, custom cameras where we can combine the looks, colors, and character from multiple camera filters to create our own. I would pay even more money just to have that feature. Great app! Highly recommend.",2026-01-28T08:39:09-07:00,shanea1995
3,UI issues,UI is not intuitive,2026-01-25T14:02:03-07:00,Фанат Zombie ate my friend
5,My Dazz Cam review,I love Dazz Can so much!! It makes all of my photos look way better than they were before. I recommend you getting Dazz Cam !.,2026-01-23T17:53:01-07:00,Renii Lemob
3,I love this app but..,Look don’t get me wrong but I loveee dazz cam. the amount of filters you can use is great. but I would really love if you delete the app then reinstall it saves all of your photos. But overall really great app.,2026-01-22T19:42:57-07:00,Kenny_1590455
4,Locator meta data please!,"Great pics, I need to know where all my travel photos are taken so please add it!",2026-01-20T20:19:26-07:00,Mikklers
5,Dazz,Thank you Dazz family! This is no cap the best App for editing 🙌🏼,2026-01-20T09:35:58-07:00,ramycarter_
5,Amazing app! just want one thing added!,"I love this app it’s exactly what I wanted for my photos! However, I wish you could favorite cameras so I could quickly come back to the ones I use most often!",2026-01-20T03:19:27-07:00,PinkPanda620
5,I love this,Makes me not look freakishly white,2026-01-19T17:20:21-07:00,Squishy Mellon
4,The app icon is hideous,I love the app so much but the icon is awful to look at. Please update it to look better with apples apps if you’re going to be exclusive to the App Store anyways,2026-01-18T17:42:12-07:00,AshBcon
1,Fix the GRD R filter bug!,It used to be so warm and nice. Now I choose the warmest thing and it isn’t showing up as warm at all :(,2026-01-18T02:29:29-07:00,ieurur847474
4,Good,Very good,2026-01-17T04:23:28-07:00,Manhandh
1,App does not work!!,"The first day I downloaded features worked fine. Next day decided to pay 20 dollars cause I wanted to access advanced features and camera does not operate when I open the app. Also it selectively allows me to edit photos of at all (sometimes it works, sometimes it doesn’t). I want my money back bro",2026-01-16T23:53:15-07:00,duhsus
3,Confusing to navigate,"While this app has plenty of filter and customization options, unfortunately this app is really challenging to use, because you have to know the terms and names of each filter, effects,  camera by heart to get the desired effect for your image. The effects and editing options. Don't have any example examples listed to next to them. 

This app would be much more user-friendly if there was a preview with every of what a photo would look like with every selection the user makes. Now you have to select settings and then create a photo to understand what those settings are, and you can't select favorites so you keep forgetting, which settings created, which effects.",2026-01-16T21:28:57-07:00,ReciewsbyMe3818
5,Make it available on Android pls,I LOVE THIS APP SO MUCH!! I am using iPhone before but I switched to Samsung and this is one of the app I need please. I still bring my iphone anywhere because I LOVE THIS APP SO MUCH AND USE IT EVERYDAY 😭😭❤️❤️❤️❤️,2026-01-15T18:48:24-07:00,Joanna Santana
5,Great App!,"This app is AMAZING, the only bad thing about it is that you have to use pro for some of the better looking cameras..!",2026-01-11T06:30:31-07:00,Awesome game i love it so much
4,Review,Can u add videos pls.,2026-01-10T08:34:04-07:00,Darriya smith coffee
5,New Update,"Love this app, am a dedicated user and would recommend this to everyone. The recent update from the past week has rendered the app unusable on my end—my device is fully updated and I have tried resetting, uninstalling and reinstalling, checking permissions, you name it. I have also tried using it on another newer device purchased within the past year. No luck. Pls check this out team! Love the app but miss being able to use it!! :(",2026-01-08T13:24:30-07:00,Mimiiiiii403
5,I love it!,Camera lenses look legit and have tons of great choices!,2026-01-06T18:36:14-07:00,J4zm111n
4,Great!!! But one flaw,I love love love this app so very much it makes all my photos look amazing but sometimes the app bugs out and refuses to let me take photos!! I don’t know how to fix this issue and it doesn’t go away when I redownload the app!!,2026-01-06T14:44:37-07:00,Ali 73738
1,App sucks,Can’t even save an image need to pay first 😂,2026-01-05T01:13:07-07:00,byop30
3,“Good,Feeli,2026-01-02T14:19:24-07:00,In deh
5,I love it! Just like an old or digital camera!!,It’s very easy to use and very simple! I love it definitely recommend using😚,2025-12-30T17:15:23-07:00,Mikoandyuki
4,颜色暗,第一次使用，为什么FxR 模式下，照出的颜色非常暗？ 有教程没有,2025-12-30T08:54:23-07:00,old Lee李
5,aaa,"i’ve had this app for a bit because my friend recommended it to me and i absolutely LOVE the camera quality on almost every template and i would very much recommend this to other people. i have told some of my cousins about it and they tried it out, too! im really glad this app is a thing because now i dont have to worry about my photos looking absolutely horrible 😭💕",2025-12-29T20:33:17-07:00,aminaaaaaaaaaaaaaa
4,Missing one feature,"Great app. The only thing is I would really like the in-app camera roll to fully sync with my Photos app. Meaning if I delete a photo from the app, it’ll delete it in my iOS Photos app too. I just want to use it as my default camera app without maintaining two separate libraries. Please give us that option! Thank you.",2025-12-29T10:25:58-07:00,AlavaneW
5,Awesome Cam App + having the option of a one time purchase!,"I love this camera app!!  Great photos, a lot of vintage cameras to choose from, and video cameras.  One wish list would be to mimic the sound recording from the video cameras, but it’s a nit pick.  As of writing this review, you can do a one time purchase of $20, which is in this day and age of annoying subscriptions, have an option to do a one time purchase is almost a luxury!",2025-12-28T14:34:29-07:00,electguitarz
5,No subscription!! 😍,"Oh my god. Okay, I love this app. I am a Hipstamatic Classic user who just recently downloaded this because I also love my instax/polaroid cameras but film is just getting so expensive. I was so, so pleased to find that this app is also not subscription based! I almost cried (literally) with happiness! Thank you so much to the developers, not only for creating such a fantastic app for film fans, but also for giving us a super reasonable, 1 time purchase price! I am always so pleased and happy to support creative people when they don’t take advantage and show they value me as a customer. Thank you again.",2025-12-27T09:44:56-07:00,iSkiatDV
5,نصر,يموتتت حرفياً♥️♥️♥️♥️♥️,2025-12-26T13:20:47-07:00,Hdhhsjshsjsi
5,复古,很喜欢复古的感觉,2025-12-25T15:13:17-07:00,aecdd
5,Love this app!,"Recently purchased this and have been loving it.
My only request is adding more options to iOS shortcuts!
I would love the option to launch a specific camera from an iOS shortcut so I can have multiple cameras in my control center",2025-12-25T04:23:33-07:00,jstan1208
5,Amazing app,Much much better than buying a digi cam,2025-12-23T12:10:35-07:00,Lovelydaisys janet
1,Photos do not upload.,"I used the GRD R camera filter when taking photos of a light parade. I had some really fun memories with my grandma who has now passed. I took lovely photos of everybody. Just to find out that they didn’t save. AT ALL. Whenever i used to GRD R camera filter, they would not save to the in-app gallery or my own photo gallery. I used a different camera and sure they saved, but they didn’t have the photos of my grandmother. I am devastated by this fact and hoping that the team will respond to fix this, so far, no luck. 😕",2025-12-22T21:02:52-07:00,triplea.d
5,great!,this app is good but when taking videos it is very glitchy and slow. very great photos tho and good for was the tic photos and purposes. recommend!!,2025-12-21T17:14:59-07:00,Bri!Anna!!
1,Saves videos at low resolution.,"Sure, I get it, the videos are supposed to look like old dv cams, analog cameras and film cameras, but it’s a bummer that my favorite video profile gets saved at 720p. It makes the filmgrain effect worthless because when viewed on a 4K display the grain turns to mush.",2025-12-20T09:27:32-07:00,illintechnology
4,Simple and easy to use,"This is one of the best camera apps it’s simple and easy to use, and the quality is really pleasing",2025-12-20T04:58:13-07:00,Emeka23
5,Such a fun app,"I've had this app for a few years now and I absolutely love it. The developers are great, they constantly update the app with new features. Honestly I thought this might be similar to some other disposable camera apps where they never really change it but they updated it to match a liquid glass and that's just one example of a time I was blown away by the constant support and update updates they make to the app.  

The great thing is you don't need to pay for it to get a great experience, I did not pay for it for the first two years and I loved it. But then I finally bit the bullet and paid for premium and honestly I think it's worth it too. You get way more filters and it also just feels good to support the developers of an app you're passionate about. Love this app so much i always use it at parties and special events and people were blown away by how cute the photos look! However just a tip for you guys go into settings and make sure you have it save the original photo to your camera roll as well as the edited photo, this will help you make sure you cover your bases in case someone doesn't like the photo that you just took. This is also great because you can go to a party and tell someone ""hey let's use my app""
 and then you take the edited version of the photo with their filter, but you also have the original version, and you can send both to your friends, just in case they don't like to edit. I honestly love this so much because it's the best of both worlds and my friends love it too. Have fun!!",2025-12-19T02:17:01-07:00,sean-sull
3,I paid the $20 but now regret it,"I paid the $20 because genuinely 10/10 fantastic as-advertised quality.

But regret it now because the UX has not been thought out properly and that actively gets in the way of the very function and purpose of this app!

There are too many options and the tap targets are way too small and it is unnecessarily difficult to see preview samples for each camera (am I expected to memorize all of them?!) robbing the moment from joy.

This should feel as ergonomically tight and defined as a real camera at $20 rather than an “app” with carousel-style UI.

Please change your design philosophy behind the UX to make it more of a “ready-to-go vintage camera in the user’s pocket with extremely intelligent and efficient workflows and UX flows for uninterrupted joyful use and experimentation” vs “an iOS app offering filters for the camera”",2025-12-18T18:23:53-07:00,UncannyValley
1,poor user experience but some good sims,"Can’t see the actual simulation you have selected until AFTER taking photo. Frustratingly slow to use and interact with. ui doesn’t remember where you were last scrolling along the camera options, so it resets the end of the list every time you come and go. Not worth the money in my opinion. Would gladly pay for something like this if it had actual live preview for image and frame settings.",2025-12-18T12:30:18-07:00,deetrantee
3,Problem,"Hi, recently I present a problem with the GRD R, I pay de subscription but I can’t use that filter, please help me 😫",2025-12-18T10:54:21-07:00,Jesabelca
5,❤️,"Simplesmente incrível, só amo",2025-12-16T00:39:28-07:00,Elsa Neves
5,This confidential,And that makes it retro,2025-12-15T12:09:02-07:00,ænderson95
1,this is making me mad,okay so the app is not letting me insert pictures into it and it’s only letting me do videos and i downloaded this app so it would put a filter on the pictures so please respond to this so i can find someway to fix this,2025-12-14T18:18:42-07:00,maya6781
5,Amazing.,"Takes very amazing photos, and has outstanding filters.",2025-12-14T12:43:56-07:00,Tokiohotelstr89
2,capture photo failed 😔,"i don't usually write reviews but i absolutely love this camera app, it's so nice to the point my friends even use it to take photos. as much as a i love it i'm giving it a 2 star so it can hopefully get your attention, but i've been using dazz for almost a year and even paid the yearly subscription for those gorgeous cameras. recently i ran into an issue where the camera doesn't load and it says ""capture photo failed!"" it has all permissions for photo and gallery, i never changed them, and even turning it on and off it said the same thing. i deleted the app (rip photos) and reinstalled it, but the camera still doesn't work... i'm not sure what to do and i would hate if i'm unable to use it anymore because it truly is one of my favorite photo apps ever. please help fix this bug 🐛 !!!",2025-12-12T06:43:45-07:00,hunnidbandzz💸
5,Honestly insane,"Ive had this app for a minute and theyve got it dialed bro, i bought the paid version which was like $15 bucks for one time deal, its great, but you can still very much get a lot outta the app without it. Also the fact that on some of the cameras you can import photos and itll apply the same effect is freaking awesome. Great video cameras, GREAT customization abilities. 10/10 would recommend. Cant wait to see what they add next",2025-12-10T07:51:33-07:00,Gideon K.
5,A legit app worth reviewing.,"Loved every single bit of this app. I would highly suggest the developers to not further make any changes to this app because this is right now the most PERFECT film sim app to ever exist. I am not kidding because I rarely review any app unless it is worth the praise. I have been doing photography since last 14 years and I started with phone and later transitioned to professional camera and I do this professionally, which started as a hobby. And after getting this app, I am reliving that moment of using phone to take pictures again and loving every moment of it. I reconsidered the idea of buying a film camera just cause of this app. I am more than happy to experience this. THANK YOU.",2025-12-09T18:52:50-07:00,@shotsbymishu
3,i don't know what happened,at first i loved this app it was my favorite until it wouldn't let me save my photos and the lighting got all weird and now i can't use it anymore because it doesn't even make my photos look good,2025-12-07T13:16:30-07:00,I still like the app though
5,Camera,I loveee there cameras,2025-12-07T09:09:42-07:00,Zali girl
5,I USE THIS APP EVERYDAY!,"This app is incredible! I literally use it everyday for everything it’s so much better than the competitors eg oldroll, proccd, etc. Just 4 things/ideas. 1. A preset feature that you can save exposure, temp, flash to because I have a bunch of different settings for different things and they’re hard to remember. 2. MORE VIDEO CAMS! I love them but I wish there were more. 3.A qr preset scanner so that ppl could post their presets for cams! (Great for online publicity). 4. More cameras that are like green Japanese 90s retro style. Thank you for an actually good camera app!!!!",2025-12-06T01:22:14-07:00,Sterling Davis
5,Love,I love this app so much and have used it for years and always able to find new creative ways to make art,2025-12-04T13:00:22-07:00,MaryjanePBR
3,ANDROID VERSION WHEN,WE NEED THIS ON ANDROID PLEASE I SWITCHED TO ONE RECENTLY AND IM SO SAD THERE IS NO DAZZ CAM 😞,2025-11-28T04:15:05-07:00,coolboyy17
4,Amazing app!,Amazing app so many features! The classic camera was a little weird and I didn’t like it but overall it was amazing!,2025-11-26T13:19:39-07:00,Not saying!🥑🌽
4,Love it but,I love the classic camera but i hate the premium,2025-11-26T12:59:20-07:00,Kinsleym8
1,older iphones can’t use,for some reason i’m unable to import images from my camera roll? apparently it’s not supportive of older iphones,2025-11-26T06:08:46-07:00,lolzahahahhalar
5,Love this app,Literally all the other apps i use has subscription but this one is the best i found and love how pictures turn out!,2025-11-25T17:58:44-07:00,Sabiiiiiiiiiiiiiiiiiiiiiiii :)
1,Writing,"I don’t like that it’s not plain no more, it always have something on my photo after I put the filter on",2025-11-24T17:42:07-07:00,plain jsneeeee
2,App not working,"Every time I open the app I am unable to take photos. Just black screen with the Dazz logo. am very sad to give a bad review, this had been one of my favorite apps for years.",2025-11-22T08:21:49-07:00,Julritre
1,锁屏小组件更新没了,打一星希望能让开发组看到，会改回来的！,2025-11-22T08:18:44-07:00,clydeonas
5,Assessment,Perfect for vintage looks and more camera effects,2025-11-22T07:06:43-07:00,KMiles6000
4,Resolution,I love this camera app! But I recently updated and when I save my pictures to my photo album the resolution is really low and I’m very confused any recommendations?,2025-11-20T22:18:30-07:00,Dazzcamfan
4,Current Issues,"Huge fan of the app, have been using for a few months now. Been great in the past but now experiencing issues when trying to upload images. Every time I try a “cancel” box pops up and the image doesn’t go though",2025-11-20T16:21:20-07:00,jo6mdo90
3,Not working,It won’t let me take pics using the app. It’s just black - I can only import photos. I deleted the app and downloaded it again and it’s still not working,2025-11-20T13:21:59-07:00,rexoragne
5,Where is slow shutter?,"I’ve been using your beautiful app for so long. I really love slow shutter effect, but now I can’t find it. Did you removed this?",2025-11-20T06:48:31-07:00,михунчук
5,#FQS IS THE BEST ON A SUNNY DAY,"SO HAPPY this app isn’t subscription based and is a one time purchase! I love the variety in cameras and my favorite is #FQS. If the sun is bright or the sky is blue: it’ll make your photos look like a sunny 2000s day! I love how it makes the grass pop without going extreme on the vibrance and makes my sky look like a stunning ombre. My photos now look so nostalgic yet timeless, all while retaining the high quality of my iPhone camera.",2025-11-19T13:08:21-07:00,Astrosokhowru
5,Uhm,Uhm very good,2025-11-17T06:04:06-07:00,Fart!!aaggg
4,Great,I like the app but why is it so glitchy sometimes..,2025-11-15T18:27:33-07:00,1738AYeee
4,Need camera control support,"I really like this app and the overall experience is great, but I hope it can add support for camera control button to make it more convenient to use.",2025-11-12T09:37:57-07:00,想要飞翔的鱼
5,Best app ever,"I have this app since almost a year if i am right, and let me tell you that this app is the coolest, it takes wonderful pictures and my friends love it as well!!",2025-11-11T19:09:15-07:00,Love it ♾️
5,Best app I have in my phone,Everything looks better and special,2025-11-10T15:01:34-07:00,Felavg
5,SUGGESTION,Love the app. Suggestion: add a camera that mimics the black and white photo booth pictures plzzzz,2025-11-10T13:04:56-07:00,salty_tomato
3,love the app… but!,why does it keep kicking me out..,2025-11-08T04:20:53-07:00,laninafresaa
5,this app is tuff,i like this app sm cause it got a lots of good filter ideas to chose ands it’s just really cute and like good i guess and i just like it,2025-11-07T18:14:35-07:00,Mx.xx.
5,Camera Control Button,"Love the app, been a frequent user for a while now, however, I just switched to the new iPhones that have the camera control button and found out that dazzcam is not one of the camera app options. Is there a plan for dazzcam to be accessible by the camera control button? Keep up the great work, love the app!!!",2025-11-05T21:10:04-07:00,CameraBro11
5,🫶🏾🫶🏾🫶🏾🫶🏾🫶🏾I love the app,This app is so cute,2025-11-05T13:51:50-07:00,Savani 💖
5,❤️❤️❤️❤️❤️,BEST APP.. we need portrait mode,2025-11-02T10:45:30-07:00,Play naiad
5,Very good.,Please add more VHS effect stuff.,2025-11-02T08:00:20-07:00,AriesCapet
5,Love this app!!,this app is one of my absolute favorite apps i have on my phone. it makes my life so much easier because i don’t have to edit any of my photos. it gives a beautiful vintage camera look with many different FREE looks to choose from. i don’t have pro and don’t need it because the free one is great as it is. i highly recommend this app and i share it with all of my friends. it also saves the photo you take on the app directly to your phone’s camera which is amazing because you don’t have to worry about saving it or downloading it. highly recommend!!!,2025-11-01T05:39:52-07:00,pepperandjazz11
5,Avaliação,Esse aplicativo é excelente eu recomendo muito🩷🩷🩷,2025-10-29T11:27:51-07:00,Suriany Lopes🩷
5,Nice,Nice nice nice nice nice,2025-10-27T14:41:12-07:00,Coconut164
4,Great!!!,I love ittt! It's a little confusing at first but I got the hang of it! Also I wish more options were free but I get that you gotta make money,2025-10-22T15:53:37-07:00,Lulu88:)
5,Great,Great,2025-10-22T15:49:54-07:00,lepd69
4,Great cameras,The app does so much post process work that I would have done. It’s a fun point and shoot and everything you get for free is worth it already !,2025-10-21T07:19:29-07:00,BrownBravo
5,Absolutely Electric!,"I love this camera app so much. I shoot it with an iPhone 16pm and have my action button set to open this app… that’s how often I use it. My one and only request is to add a zoom function to the FQS camera. That’s pretty much the only one that I use, and unlocking the ability for it to use my other two native cameras on my phone would be amazing. Thank you!!!",2025-10-18T11:28:30-07:00,thedeleterofbeers
4,Almost my fav over the others,"I am loving the myriad of camera options. My biggest gripe is with the camera selection screen and the tiny buttons. Camera selection is at least two taps and an additional tap to view a sample. Maybe use an accordion style menu where the expanded view shows sample photos in a horizontal carousel. The menu can also be placed in a mode to reorder or toggle off. This will eliminate the need for current on/off view. I still love the app, but it takes a decent amount of work to sift through. Hope this helps.",2025-10-18T00:59:51-07:00,Todd from HR
5,love it so far,this is dope!! i love the options and variety of camera types. i was wondering if users being able to heart their favorite cameras for easier use later?,2025-10-14T15:58:48-07:00,Quentell12
5,سو ووووو,مسي زق,2025-10-13T05:48:42-07:00,Saif hey
5,So aesthetic,It’s so fun and simple to use!,2025-10-12T12:23:48-07:00,Esteluna!
5,💓,Such ha lovely app please don’t add politics like Snapchat 😔,2025-10-11T08:01:44-07:00,Mohsin Kashif
5,A GENUINELY FUN APP,I just downloaded it and I’ve took a couple of pictures I’m honestly having fun with this its worth the storage,2025-10-11T07:32:00-07:00,ToniBaloneyTheMacaroniPony
3,Great prebuilt filters,"I really do love this app - especially the FXN, but I really wish i could import photos/videos & apply the filter to them.",2025-10-09T07:29:49-07:00,AD5749
5,Download it immegiately,So amazing bro words can’t express especially because its fo da cheap and free,2025-10-06T20:00:44-07:00,1stTuffThought
2,Ccd r issue,Ccd r used to work well in slightly dim lighting but now its always too dark even if the lighting isnt that dark. It might be because of the update cause no matter what setting i change i cant get the same results as before.,2025-10-05T21:42:27-07:00,ugdyxoyrxiydzkhayie
5,i love u,i love u,2025-10-05T15:10:25-07:00,Strawberry!!Bff
5,Heck ya!,Really helps my photography but you should add a contest with different themes!,2025-10-04T18:15:43-07:00,Chilly—-
5,Love It But…,I Love the app but one thing that I’m having trouble with is trying to change the date idk if even can but I need to know how to??,2025-10-02T17:55:10-07:00,Sp33chles
5,very cool,this is a cool app. I recommend it makes photos and videos look really cool. You should get it.,2025-10-02T10:33:15-07:00,prada.b37
4,是否支持相机控制键启动,能否支持通过相机控制键直接打开dazz呢,2025-10-02T08:46:34-07:00,Zzq2048
5,THE BEST.,it’s not money it’s free and no adds!,2025-09-30T11:41:49-07:00,Cami!!💕
4,Dazz Cam,A little bit confusing,2025-09-29T13:26:29-07:00,Urgurrrl🍑
5,Fantastic camera app,This app has great looking vintage video and photo filters and it doesn’t think too much of itself. The app is $20 for a one time charge or $7 a year.,2025-09-27T21:44:36-07:00,ShanStewart
5,Good,This is a really good and free app,2025-09-27T07:16:17-07:00,Yeasswwwwwwwww
5,why i love this app,ok so this app is superrr great but there’s on problem you can’t take the dazz cam filter off of one you took on the app but other than that i loveeeee this app ! 6️⃣7️⃣7️⃣7️⃣,2025-09-25T16:30:04-07:00,TS FAN101
1,Terrible app,"I wish they made it more clear on the effects one can use without in app purchases. I recorded a ten minute long video that I could only attempt once, and after getting the proper take, the app proceeds to tell me my video will not be saved because the effect being used wasn’t purchased. Why let me record the video then?? Absolutely ridiculous.",2025-09-24T21:19:50-07:00,Weezman103
5,My new favorite!,I’ve tried a lot of camera filter apps before but this one has the best free options!,2025-09-23T13:46:07-07:00,Lizzy Shoecraft
5,GET THIS APP ASAP,best app if your looking for good quality pictures beats every other app,2025-09-20T11:56:03-07:00,miasophiech
2,Need to fix mm lengths showing,"I just purchased a 17 pro max and wanted to use the app to test out the mm lengths but nothing shows expect the .5, 1x, and 5x camera zoom. I’m a pro member and yes I did restore purchases. Is this something new or we need an update?",2025-09-20T02:45:11-07:00,Jay Thomas Lewis
4,Urgent! No support for iPhone 17 Pro,"We need 4x and 8x camera for all photo and video camera. Also we need Apple Log 2 Support on DAM, immediately! Also please support opening by camera button.",2025-09-19T12:52:24-07:00,ZeninRofix
4,Camera effect,I lowkey think this is the top 5 or maybe even 3 best vintage cameras you’ll find and it has really good settings. I love the vibe because it’s the vintage vibe that I want and personally my favorite camera is CPM35 because it gives a movie like look and I wished there were more movie and vintage like video effects. Some of the effects u need to pay for and I don’t like paying for apps so I hope they add more free vintage videos. Honestly I really think it’s a good app and congrats for reading all this and thank you.,2025-09-17T20:12:55-07:00,Read pls if u want to download
5,LOVETHISSM,best app ever god,2025-09-14T20:18:55-07:00,zooeisy
3,测光非常差劲,测光不准 无法预览 有出现多次死白或者死黑,2025-09-11T18:30:02-07:00,cestlascorpion
3,no longer has a neutral profile,I used to use this app to take fairly neutral RAW photos that were unaltered. Dazz must be selling photos as data sets to AI companies because original RAW photos are no longer stripping in-box preprocessing.,2025-09-09T12:43:56-07:00,Hollywoodgoonie
5,The best,It gives me the best pictures and I love the pictures it gives me !! 😼,2025-09-04T13:17:58-07:00,The best pictures !!!!!
1,no quiere funcionar la cámara,he intentado muchas veces y no quiere funcionar,2025-09-03T11:17:06-07:00,PPBHN_
5,Note to developers,"I love this so much and I never use my normal camera app anymore, the only problem I have with it is that it isn’t compatible with the camera control button for my phone so I can’t open it with the camera control button, but anyways love the work no ads and the subscriptions are extremely cheap. Ty <3",2025-09-03T07:33:21-07:00,Skitlzfr
5,Great Photos!,"I love point and shoots like the Ricoh GR series and this app really nails the cool, melodramatic look of that camera. I love the R series cameras especially, they really nail the texture and feel of whatever camera they’re mimicking and it makes me love my phone camera again. Some of the non-R series cameras aren’t as convincing to me, but still look quite good. 

One thing that would be cool to see in the future would be manual controls such as ISO and shutter speed, even if it’s just on cameras that would only have these features in real life. The Original V has these features so I know it’s possible! Hopefully it happens.

Great work!",2025-09-02T11:53:27-07:00,luwhowho
1,Video doesn’t work,I spent $20 for the pro version and the video function doesn’t work. Only the camera works. Wouldn’t recommend until bug is fixed,2025-09-01T12:47:38-07:00,Buts stuffing)6(67
5,Best camera app for me!,Love this app and taking videos and photos during concerts is so fun! Also appreciate the one time purchase option 👍🏻 totally worth and recommend!!!,2025-08-31T22:07:06-07:00,elhsa
5,Bueno,Súper bueno,2025-08-26T16:57:28-07:00,Alondra🩷
5,Fantastic,This app is great!! I use it all the time. It looks super cool and it looks like it was rly recorded on the camera you’re using. I use it for short films for found footage also. One of my favorite features is you can go back and make photos and videos look like they were recorded on any camera. Would absolutely recommend. Buy now!!,2025-08-24T19:22:22-07:00,tyler durden :)
5,camera not working,the camera is not turning on?? what is this update,2025-08-23T14:07:36-07:00,bokuwanaze
5,amazing filters,i love this app it is exactly what i look for in digital cameras and there are just too many options to choose from! i love a warm look and i appreciate that every camera has settings where you can adjust the exposure and color and sometimes even the iso its so crazy that i can do all of that on the comfort of my own phone. this app makes my photos have that digicam vibe and everyone is always shocked when i say i took it using my phone! i have pro and there are so many options to choose from and i feel its so worth it just paying the 20 especially considering i take my phone everywhere and dont have to deal with carrying my actual digicam and can get the same look. thank you for creating this it really elevates all my photos ❤️,2025-08-23T12:27:26-07:00,clli4
5,One of the best!,"This camera app (IMO) is one of the best out there. With so many options and various looks to play with, endless. I’ve been using it for over 5 years now and I absolutely love it.  I do wish they allowed us to manager and arrange my favorite lens but hopefully they provided that option soon. Other than that. Perfect!",2025-08-23T07:47:17-07:00,Tony Vic
1,Camera is not appearing,I’ve downloaded this app several times and the camera is still not working. And my phone is up to date,2025-08-21T22:45:43-07:00,Gamell06
5,I love this,"So great to get that vintage feel. I do wish location could be tagged in the photos though! Otherwise, brilliant!

Update: Shortly after posting this review, I found the setting that tags the location. Absolutely perfect. Love the app!!!",2025-08-18T08:04:22-07:00,Spoonertexas
5,Exceptional,"I never write reviews, but this app deserves 6 stars. I’m not usually a fan of trying to digitally emulate the “film look”, it never looks right to me, but Dazz cam does it different. I primarily use the green disposable profile (FQS R), and more recently the new Polaroid camera (PAF R). I remapped the camera button on my Lock Screen to open up Dazz cam because I love it so much, it’s quick and easy to use. I also like how you can only adjust brightness and white balance, you don’t need anything else! The way this camera catches light is just so pleasing. Upgrading to the pro version is a no brainer if you hate the way iPhone “photos” look. I’ve been recommending it to all my friends who love capturing moments",2025-08-15T09:18:51-07:00,Slade Laps
5,Amazing app only missing one thing,Overall with the app being able to give that distinct feeling when seeing the photos. I would like to have the app to be opened by the camera control for the iPhone 16’s,2025-08-14T19:37:50-07:00,Frantic_V53R
5,best camera app,I literally just downloaded this 5 mins ago and I’m already obsessed. If ur thinking about downloading DO IT.,2025-08-08T19:57:38-07:00,ViiviiNel
3,Bug,"I absolutely love, it’s one of my favorites but I don’t know what’s  going on this days, when you open the app it’s frozen and it’s not working",2025-08-08T12:25:19-07:00,Ekker mar
1,Love the app stopped working suddenly,"I love taking photos and these always make it 10x cuter, but suddenly the screen turned black and it doesn’t let me take photos, I deleted other apps and deleted and re installed this one three times, but it never seems to work. Really sad I love using Dazz.",2025-08-07T20:30:24-07:00,aleleolala16
5,jopa,good thing,2025-08-06T08:12:22-07:00,maxxexm
5,5/5,Literally the best filter app I’ve ever used!,2025-08-05T06:43:57-07:00,Nate’s huzz
1,Платно,"Ничего не открывается, все платно",2025-08-04T06:49:00-07:00,Бубылда993
4,ממליצה ברמות,לכל האנשים שרוצים להצטלם במצלמות ישנות זו האפליקציה המושלמת להצטלם יפה מבלי לקרוע את הכיס זה חלום שהפך למציאות רק מאכזב אותי שצריך לשלם כסף לחלק מהמצלמות,2025-08-03T23:27:23-07:00,דף!✨
5,Raur,And don’t really get it but I love this app download it now!!💗,2025-08-03T18:18:40-07:00,fifithegoat
5,cool,"this app is nice and cool, i enjoy the camra quality and it’s rly good",2025-08-01T14:50:01-07:00,do sherlock sjr
2,Womp womp,"Well I got this app cause another app crashed, payed for the extra goodies on this one and low n behold it crashes
 camera wont even open so I export everything delete the app reinstall it camera still wont work and still no setting icon available",2025-07-31T19:09:14-07:00,Well.hmm
5,Can you make the camera CPM35 a video camera for free?,"I love and adore this app, my favorite camera is the CPM35 camera, I adore it with my whole life and I would love if you guys could make it a video camera. It would be totally awesome! And thanks for adding that tile of camera either way🙇🏽",2025-07-29T03:25:28-07:00,ghost..boys
4,Great,"I love this app so much, but I wish the GRD R camera could upload photos. It would be perfect!",2025-07-28T17:04:20-07:00,Gaelel
5,AMAZING!!,I love this app!! takes perfect pictures to get that summer vibe!! beat part is its totally free!!,2025-07-28T09:07:00-07:00,mjgddcbu
3,Back camera isn’t working,"I’ve been using this app for years, and now all of a sudden I can’t take pictures with my back camera through the app! My back camera works completely fine normally. Please help me fix this, I love the digital camera look! I’ve tried already tried deleting/redownloading the app and restarting my phone, but nothing’s worked.",2025-07-27T20:04:29-07:00,naomirkim
5,omgggg get this rn,I LOVE THIS SM,2025-07-24T14:51:48-07:00,Lizzo 😈
5,Absolutely amazing app,Camera is just chefs kiss! 💋 I absolutely adore this app. Takes the most stunning and luxurious pictures of all time 💌 I suggest this app for anyone 🍰,2025-07-22T09:04:34-07:00,R o s e . 🧁
3,Well it is what it is beggars can’t be choosers,Most of the cameras cost money and well I see why bc they can’t profit if they don’t but I wish there were more options,2025-07-22T06:00:25-07:00,Sharrizz
5,Amazing App,"I’ve always liked taking photos with my phone camera but I was never fully satisfied with the outcome. This wonderful app gives me a ton of options to let my creativity really shine. Thank you! 

(I don’t know if this is possible but I would love a way to submit my submissions for photo contests without using social media. If there was a way to have it within the app I would really like that. If that’s not possible I totally understand, just thought it would be a bit easier 👍)",2025-07-21T23:32:20-07:00,Airc!
1,slow shutter setting gone,what happened to the slow shutter settings for video? why is it gone?,2025-07-21T12:25:18-07:00,verycoolguyapp
5,This Camera App is now my main,When I accidentally drop my phone in water my camera and flashlight don’t work until this app fix the problem thx Dazz cam and also add pano slow mo and time lapse,2025-07-20T07:13:57-07:00,normalmentely
5,love this app!,amazing!!! what can i say! my friend uses it for secret photo’s for when she hangs out ppl who she’s not allowed to🙊,2025-07-18T22:37:44-07:00,alanis👅
5,This app is literally amazing,I love it how it gives u an app to edit and then get on here and add whatever u want! 5 ⭐️,2025-07-17T16:04:12-07:00,hehdheueisheteteyei
5,absolutely love it,PERRRRRRFECTTTT!! I can literally try probably every single camera that had ever existed. Awesome!!!,2025-07-15T09:58:31-07:00,certified watermelon hater
4,Buena pero algo costosa,Es demasiado buena y tiene muchos filtros pero deberían bajarle el precio.,2025-07-14T13:55:23-07:00,Michelallalalala
4,4 stars,"Works well, good solution to a problem with my camera app I’ve been having. I haven’t figured out how to adjust the brightness of the camera to something I like, but overall it’s pretty good.",2025-07-14T07:05:52-07:00,E-Lizzx
1,Lost my subscription access,I’ve been used this app more than one year with one time purchase. And now they have just updated the subscribe policy with monthly payments and my access gone.,2025-07-13T22:16:53-07:00,jamonicus96
1,i don’t like it,"no puedo poner fotos que ya tomé con mi cámara y que se haga el efecto, no me gusta cero",2025-07-12T14:53:55-07:00,Genesishamzh
1,Mine won’t take pictures idk why,Like the title I just get the logo in the middle of the screen and nothing else I can select which camera to use but it doesn’t take any photos,2025-07-11T23:50:49-07:00,OkieGMichelle
1,Email sent but no response,"This is what I had emailed:

Hello I am having trouble with my app. I just downloaded it earlier and it’s basically unusable. I thought that maybe I needed to pay, so I did the one time purchase, and that didn’t change it either. I tried uninstalling and installing again, I checked the reviews and saw that’s someone has the same problem and so I tried to navigate the app and turned off the “shutter vibration” and it seemed it was gonna work but the screen just went back to the logo, I tried messing with it as well and I haven’t been able to get anywhere with the app. To the reviews of the person you guys said it was because of the app update but I just installed (reinstalled) it, so it should have the latest version. If not could you guys help me fix that. I’m super disappointed because I feel I could actually enjoy the app but if I can’t fix it, I’ll need to at least be refunded for my purchase.

Below are the images of what’s showing on my screen as well as a receipt of my purchase.
I’ll be waiting to hear back from you and I hope we can get this solved :)

(Below I had attached a picture of what I see on my app and a picture of my receipt)",2025-07-10T17:58:40-07:00,YayaMartini
5,IN LOVE WITH THIS APP! 💕,"The filters give such a certain new vibe to my pictures. It’s EXTREMELY helpful. FIVE STARS!! 
⭐️⭐️⭐️⭐️⭐️",2025-07-10T16:34:51-07:00,SugarCookieDiva
5,Me encantó,Muy buena 💗,2025-07-09T23:01:44-07:00,Tatiana@ Dios te ama
5,Taking Pictures,"I'm unable to take pictures on the app, i'm only able to add the filter to my photos. Maybe i'm doing something wrong or this is just glitching on my side. I have a 16 pro and i don't think it has anything to do with it. Am i doing something wrong? Also i said it could access my camera and photos.",2025-07-08T19:01:25-07:00,Nina Whitee
5,Such a good app so convenient,So cute love it,2025-07-06T14:15:16-07:00,Alycea y
5,Rating ….,Dazz cam is like …? The best camera app I ever have seen I’m not joking like literally took accidentally a photo of the corner in our house  and it looked not just good …. AMAZING I’m not joking I love this app and I just wish I had the pro dazz cam cuz dazz cam is literally my fav app and if you see this RATE IT 5 STARS ILY 💗,2025-07-06T13:00:39-07:00,Mia🍄🐸
4,Decent app… needs improvement,"Filters and emulations are great, takes wayyyy too long to find the camera in a fast paced situation though, and there REALLY needs to be a quick way to preview the preset you’re selecting without having to take a picture, then go back and view it",2025-07-06T09:57:05-07:00,thissrinksowbaik7
3,pleaseee fix 🙏🙏😔,"I love this app i use it all the time for adding the filters on my photos, but every time i try to use it now it says there is an error and i can’t use it it may be the one camera i use but it’s really annoying as i just want to use it on my photos",2025-07-04T00:50:58-07:00,ella.donkey
3,iPhone 11 Pro Max bug,The app takes forever to load for iPhone 11 Pro Max. The camera is dark/not opened whenever I turn on the app. It only functions normally when I restart my phone.,2025-06-30T22:54:21-07:00,ROAS7777
5,LOVE!!!,i absolutely love this app it makes all my pictures look so cute and retro! The popular filter going around on tik tok is on this app it’s camera CPM35! get this app it’s so good,2025-06-29T17:22:41-07:00,kam_luvsROSIE
2,Pro Filter GRD R Broken – Please Fix,"I paid for the Pro version of Dazz Cam and everything works great except the GRD R filter. Every time I try to take a photo with it, I get a message saying “captured photo is NULL” and nothing is saved. I’ve used this filter before, and it used to work fine.

I already tried restoring purchases, reinstalling the app, and restarting my phone. Other Pro filters still work, so this seems like a bug specific to GRD R.

Please fix this soon or let me know what else I can try. I really love the app otherwise!

— Emily",2025-06-27T11:24:02-07:00,d1yearner
1,Ужасно,Все платно и нельзя редактировать готовые фотки с галереи,2025-06-27T06:15:13-07:00,XXXelyu
5,amazing,just wow. app is amazing,2025-06-26T19:47:09-07:00,camera loverrrrrrr
5,I LOVE THIS APP,"I LOVE THIS APP SO SO MUCH!!! EVERYTHING ABOUT IT IS SO GOOD AND PERFECT. I HEARD ABOUT THIS APP FROM A FRIEND, AND OMG I RECOMMEND GETTING IT!!",2025-06-24T05:04:22-07:00,divein_693822
5,could you add 2x for 16e,thanks,2025-06-22T21:21:56-07:00,admirezz
5,Android Version Please!,"I love this app, i take and record literally 80% of my media with this app. it provides the most realistic retro camera experience among any other app i’ve tried. the only issue is it’s only for IOS. I’m switching to android phones and this is the only thing i’d be missing. PLEASE make an android version!",2025-06-22T18:30:03-07:00,Fwmelisssa
1,The app doesn’t work,"When I first downloaded it, I was just getting a screen with the logo unable to take a photo so I thought that it was just behind a payroll so I paid the $6.99 for the year to see if that would get the camera working. But when I open it, I still just get a logo screen with the icons on the bottom and I can’t take a picture. I came to the reviews to see if anyone else has the same problem and I follow their instructions of shutting off the shutter vibration and it’s still not working and there’s no way for me to get help.",2025-06-22T11:05:15-07:00,Brighteyesfreax
5,رائع,كلّ الكاميرات و فيديو موجود 😍 سهل مكان واحد كلها متوفرة,2025-06-21T07:09:03-07:00,f_asfoor
3,Camera isn’t working,"I have been using this app and loving it for a while now, but i discovered recently that the camera isn’t working and only the upload option is available. I updated then freed some space on the app but in vain, then i had to delete and reinstall the app but the problem persists still.",2025-06-19T16:40:41-07:00,mimich213
4,Question,"Pretty good app so far, just one question, are you able to add photos you’ve already taken?",2025-06-18T17:40:01-07:00,samisasome
4,Great app - weird static sound,This is great - but now when I use the video function there’s always a weird static. Can you guys fix it. Is this a bug?,2025-06-17T12:35:27-07:00,2pacio
5,LAS MEJORES FOTOS,Toma las fotos espectaculares tiene una buena cámara todos todoooo me encanta de esta aplicación la mejor sin duda,2025-06-16T23:24:58-07:00,AME LA APLICACION LAS FOTOS
5,my vacation .,i used this app on vacation and captured so many good moments and memories and the camera quality was very good !,2025-06-14T07:19:51-07:00,alisa/lele
5,this app is amazing,just download it and can say that it worth it.😊,2025-06-13T20:29:56-07:00,abbycdrt
5,I love this app + something else,"okay tbh I'm a long time user and ai absolutely love this app to the core (I'm like obsessed in a degree) but I also have an idea like, would you guys one day have a camera filter that's similar to the ones like the Canon Powershot series (especially the datestamps they have) I think it would be really cool and I'd be really hyped as I'm obsessed with their datestamps AHAHAHA",2025-06-11T19:51:16-07:00,tearonium
5,ok,ok,2025-06-11T10:10:09-07:00,vcllmao
5,Amaxinggg,"I got a lot
Of recommendations to try this, it is a truly great app. I love all the filter filters.",2025-06-09T07:19:13-07:00,Zoë Kohl
5,10/10 A Must Have!!,This app is so easy to use and offers a wide range of video and photo filters for free! The paid features are also very cool and likely to be worth it if you are into taking pictures but don’t want to lug around multiple types of cameras on the daily. Great app!!,2025-06-08T12:46:04-07:00,khan106
3,Umm,I don’t like u have to pay for stuff and when I try to put my photos into it I can’t fine them,2025-06-07T06:47:04-07:00,hvihudfuycgyuvighvyigcuyfd
4,Add fav button,"Love it :) would love a feature to save a camera as favs or be able to pin them, that way we can quickly click it if we use it often. I’m not familiar with the names and it’ll take a while for me to memorize them and what they do, that’ll help a lot!",2025-06-06T11:20:32-07:00,hndasand
5,I LOVE THIS APP,looks like a digital camera on your phone. every picture turns out so cute,2025-06-03T17:03:19-07:00,MaddieMichalek
5,Love love love this camera !!,Absolutely love the camera and how good quality the pictures come out ! Have been using it for a long long time and won’t regret saying my pictures have been turning out amazing !,2025-06-03T12:25:17-07:00,shameem azimi
5,Best app ever!!,Even without paying it’s still a great app and has many great camera options. Takes amazing photos 🤩🤩🤩🤩,2025-05-28T17:32:50-07:00,Bleach i.e.
5,Noor,شكراً لكم انهُ تطبيق رائع واحتاجه كثيراً في الصور,2025-05-28T10:29:53-07:00,Nnoorrt
5,محمود,تجربه ممتازه وصديقي ساعدني يجب ان توفروه على سامسونج والهواوي والبوكو من اجل صديقي,2025-05-25T12:43:59-07:00,اموت على اليوتيوي
5,LOVE THIS APP,i love this dmm cm35 is my favorite,2025-05-23T23:41:50-07:00,Daneybliss
5,So good it ate my family,Soo good it ate my family cus I paid for the cameras.,2025-05-22T07:01:41-07:00,Niki the hairstylist
5,Best app everrrrrrr,"This app is amazing! The filters make my photos look so cool and vintage. I love using it for Instagram. It’s easy to use and works smoothly. Highly recommended!” Really love this app but some cameras need to be paid but it’s really good trust me , worth it . Thank you",2025-05-22T05:37:09-07:00,Samara wasaka
5,I love,I loveeeee I love I love I love,2025-05-17T23:08:04-07:00,Lowtaperfade134
5,camera roll,i love it but why cant i do the camera roll thing,2025-05-16T02:09:07-07:00,rvshem
5,Dope,Super dope,2025-05-13T21:06:30-07:00,The ghostanator
1,Stopped Working,I bought the yearly plan and it was working fine until a few days ago. Now it just shows the logo and I cannot access the settings or take photos.,2025-05-13T20:22:57-07:00,daiguuu
5,best film app!,it looks great and is fun to use.,2025-05-09T08:15:54-07:00,lanquiddity
1,unusable,I downloaded the app today and it said capture failed everytime i tried to take a photo. i tried flash and it would spin and say capture failed. i bought the pro subscription and capture still failed. i then deleted the app and redownloaded and it still failed. i deleted it and cancelled my subscription. waste of $6 and i don’t see any way to request a refund,2025-05-08T22:59:59-07:00,SMM123355
5,Perfect!,Best app ever.,2025-05-07T19:15:11-07:00,Lilly.maye
5,my opinion.!!🤷🏽‍♀️🤷🏽‍♀️🥰,idk i jst love taking pictures and adding pictures on this app.!! don’t recommend taking pictures in the dark tho.!!!😘😘,2025-05-06T19:42:17-07:00,just.bria0
4,Good but,They don’t have recording which I don’t like,2025-05-05T13:32:13-07:00,Gehebben
1,Not working,I bought it but then it suddenly stopped working. The camera itself won’t even open back up. It just shows the logo. I can’t take pictures. Waste of 20$.,2025-05-04T21:34:51-07:00,username.unknown
1,Trash,"The app is confusing, everything you want is behind a paywall, overall just lame, just buy a real vintage camera",2025-05-04T15:21:11-07:00,ahmanster24
5,Absolutely great,"This is the only time I’ll be submitting a review for like any app ever, but this is probably one of the best apps I’ve ever used for photography and recently I’ve been getting into the hobby and for me to start off with the hobby. I downloaded this app and this app has been a game changer for me. I think the quality is very good and despite the fact that you also have the option to pay for other things, there are still a lot of good free options. I feel like more people should use this if they don’t have a quality camera and/or just need standard",2025-05-03T01:29:45-07:00,Wisperaii
4,New feature pleaseeee,"Totally the app is pretty great but the problem here is when I change to a new phone they cannot restore and back up all my photos so I want to have a account to log in so that when I change to a new phone, all of my photos will still in my account",2025-05-01T03:45:26-07:00,hiddenname17436
5,Goood,Goood,2025-04-30T10:56:48-07:00,Selenyaped😍
5,Good camera,"This is my opinion. I think the cameras are really good. You could take really good pictures. Also, I love the flash and I could see but last time my opinion.",2025-04-27T11:05:51-07:00,Books were
5,App,Love it! It’s amazing,2025-04-26T07:46:28-07:00,lil rizzler 67
5,Dazz Cam Review,This app is soo good I dont need  to pay for anything my pictures always come out good I definitely recommend this app it looks exactly like a digital camera,2025-04-24T13:44:44-07:00,Best digi cam
5,Diseño,Foto linda,2025-04-24T00:38:39-07:00,Cámara linda
1,FXN R camera???,What happened to the FXN R camera? It just has a pink filter on it no matter what settings I change to,2025-04-23T07:46:58-07:00,Yeeeeeeeeeeyi
5,Amazing app,"I love this app so much!!! My cousin told me about it yesterday on Easter Sunday!! And I am so glad she told me about, now I get to capture all of my memories on Dazz Cam!!! I love how it makes the photos look vintage!📸💫",2025-04-21T15:19:03-07:00,Lay ⚽️🤍💫
5,GREAT APPP,I started using this to take my insta pics instead of getting canon g7x and althoughhh it’s not just like the canon it’s good enough and it’s really easy and the pics are really cute!!,2025-04-20T15:23:52-07:00,LiveLoveBreatheSoccer
1,Useless,"This is an extremely useless program. It's better to take all the pictures yourself using a standard camera program and then add the grain effect yourself. 4:3 zoom shots under the guise of a professional program! Good marketing, friends, nothing more! And tell me I'm wrong)",2025-04-20T05:59:47-07:00,.:screaM:.
5,Great App!,"I started downloading this app when i saw it on a tiktok ad. It sounded really cool and went ahead and downloaded it. I love that you can sample the films because i really hate that others you have to go back and forth. I also like that you can decide what font the time is and how it’s written. I overall haven’t had any issues with this app (probably because i just downloaded it yesterday) but there is one thing that really bothers me. I really dont like the pop up ads. And i know you guys get paid for the ads but well maybe please lower the ads. But overall, I LOVE THIS APP",2025-04-19T07:10:36-07:00,Izzy’s Report
5,love it,love this app so much,2025-04-17T04:24:50-07:00,cheer is fun 22
5,Quality,I no longer need to waste 200 dollars on a digital camera this looks just like one!!,2025-04-15T16:31:46-07:00,hannah10132842
3,Camera stopped working,"Hi this app is incredible but for the past few weeks the camera won’t turn on, it’s just. black screen, with the logo in the middle. I deleted the app, still nothing, cleared the apps storage, still nothing. Please fix this!!!!",2025-04-15T15:39:43-07:00,RachelJess
1,Abysmal app,"They made me pay for the pro version so I can edit my photos, now there’s a separate app to edit my photos and it doesn’t have the same options as the original editing feature so now you can no longer turn down your filters or do basic simple edits (which is all you need with daz cam) I was literally using it for my job with BTS and now my job got way more complicated because I can’t just take phone content as easily. 5 star camera app turned into a cash grab for no reason, nobody asked for it nobody wanted it. Bring back the original feature and just make the new editing feature to be considered advanced editing. But no. They ruined it. GGs",2025-04-13T16:33:12-07:00,Servando moquette
5,AMZING! (But a question…),So I was recording a video on the dam camera and it won’t do sound what’s going on with it? Do I need to delete the app and reinstall it?,2025-04-13T15:07:22-07:00,review man 335
2,Clunky and Confusing,"i really like the concept, but the app is really hard to work, and doesn’t have the features i saw on social media- not that i can find, at least…",2025-04-11T16:17:50-07:00,totaldramagirllover
5,La cámara perfecta,Me encanta sin filtro y no cobran100/10,2025-04-08T16:54:18-07:00,La cámara perfecta
3,Not working,"I recently downloaded this app , but the camera won’t work and it’s not my iPhone , I also bought the supscription and it’s still not working .",2025-04-06T19:10:59-07:00,Tanu govi
1,Does not work!,I recorded a video and took 15 photos and I couldn’t find them. I watched 10 YouTube videos and NONE OF THEM helped! This app just doesn’t work. 1 star!,2025-04-06T14:09:56-07:00,SIM PLAYER 777BJ
5,Add Cam button for iOS 18!!,Wonderful camera. So much so I’d much rather use it as my default camera. Please update with the ability to enable the Camera button (not the action button) to open Dazz Cam. I can use the Moment app this way which is good but I like your app so much I find myself reaching for it more often. It has a wonderful look. Great job all around. Not sure if others want this but I think it would take this over the top. Thanks so much for reading. Please tell your team they do fantastic work!,2025-04-04T11:05:29-07:00,Godborn777
5,I love this app so much!!!,AMAZINGGG,2025-04-01T18:22:12-07:00,467573
5,Amazing App!,"I love how it has different features, makes photos look vintage. Im still figuring out how to use certain features but definitely recommend 
App-10/10",2025-04-01T15:13:32-07:00,Username-8269100
5,Great app for those who don’t want to spend too much time editing!,"Great app for those who want a retro and vintage look, and don’t want to spend too much time editing. I use this app + the Liit app to make quick, nostalgic edits on the fly ❤️",2025-03-30T14:58:38-07:00,1SinceEveryNameIsTaken
5,LOVE THIS SO MUCH,it makes your photos look sooooooo cute and i use it allll the time!!!💗,2025-03-26T04:51:36-07:00,HeyI love pickles
5,Worth the price,I use for almost everything I capture. Dazz cam just gets that “vintage filter” right unlike any other apps. Their presets are so good and I’ve been using them for years.,2025-03-26T00:14:07-07:00,d4r3n.iz.d34d
5,Wow!,"So first of all, I never pay for any kind of apps. I love taking pictures. I have seven daughters so I have a lot to take pictures of not even paying for the subscription. This is the ultimate photo app for me.. Definitely paying the money because I think it’ll be well worth it.",2025-03-25T06:19:59-07:00,Bestgirldad77
5,This is a greatest appreciation ever,All are Free and useful,2025-03-23T04:04:47-07:00,Matrixag
5,i love this app,literally makes all my pictures the cutest ever,2025-03-22T16:59:26-07:00,jaazzllynn
5,This is Good camera app,5 stars,2025-03-21T19:10:26-07:00,Thdkfutu
5,great but too orange,"i love this camera, it’s everything i was looking for!! i just wish it wasn’t always so ORANGE!!",2025-03-20T22:54:29-07:00,gamer4days
5,Best app ever,"I looooooooooooove this app, i can literally be in the 1990’s with the cameras, everything looks so beautiful and great great quality!!!!! i love itttt",2025-03-19T20:33:31-07:00,mevalevrgajoven
5,Dazz Cam,Me encanta esta app tiene muchas variedades de cámaras AME! 😍🔥❤️,2025-03-19T15:29:50-07:00,Sol✨☀️
5,Omg!,What a lovely app•,2025-03-18T17:17:29-07:00,Vane!03
5,My favorite App,"This app is actually so good, the green disposable camera makes literally all of my pictures look so good. One thing I wish is that the beta cameras could allow for imported photos. Great job developers!",2025-03-14T14:22:19-07:00,hrhzxgsikdbdc
5,One additional feature requested,Any way we can favorite cameras? I’d like to be able to favorite my most used cameras for easy access.,2025-03-11T22:55:45-07:00,thatoneguy__raul
5,Absolutely lovely,"It brings lots of memories:) 
I remember having a negative camera and a handycam VHS.",2025-03-09T08:12:11-07:00,Roohimoto
5,I can’t find the button to open the camera,I don’t know where to find the section to make photos I can only make videos right now,2025-03-07T14:59:20-07:00,gdvdhjxbxj
3,it was good,it worked for a day. then it wouldn’t take a picture even with free modes,2025-03-05T18:35:14-07:00,HonestAbe13
5,Great app,"I absolutely love this app and use it almost daily! I wish there was an option to purchase the app instead of paying every year but other than that the annual price is still great! Worth the money Update: thanks for the reply. I’ve never got an option to pay one time for pro, only annually. I wonder what happened",2025-03-05T02:48:53-07:00,allthenicknamesaretakenrrrr
1,No sirve,Todo es de pago,2025-03-01T17:24:27-07:00,Joven_marciano
5,i’ve never though i would get this camera,"it is so good it works awsomely, i was so happy on how pictures turned out",2025-02-22T06:48:40-07:00,dEzZz nUuTsS
5,Free & actually works,"Ive never wrote an app review before but this has saved me so much time, money, energy, space having multiple cameras on my phone. The photos are amazing this is my fav app",2025-02-19T07:55:20-07:00,Groovylovergirl
5,Request for Android,"I use both Apple and Android devices, and with the growing demand for better cameras, I hope this app becomes available on Android too.",2025-02-16T18:01:08-07:00,geloz199023
4,Not able to purchase the Pro version,"I would give 5 stars because this is one of my favorite apps. However, when I go to purchase the Pro version for $19.99 (One-Time Purchase) it says “Product Not Found.) Really bummed it won’t let me buy the Pro version.",2025-02-16T11:25:40-07:00,j.:)
5,Wow,Nicee,2025-02-15T23:36:04-07:00,Mkania78
4,Best camera,SO GOODDDDD actually makes you look stunning and looks like a real digital camera,2025-02-11T13:48:08-07:00,JJC9807
5,Best Camera App Ever,I’ve been using this app for over a year straight and use the camera “FQS” with flash for absolutely everything. Over 30 people have ask how i get my photos to turn out so aesthetic and i always recommend this app on that exact setting!!,2025-02-06T20:12:13-07:00,iipixiestick
5,really goodd,it’s really good i really like it it takes so many cute pictures,2025-02-01T19:57:26-07:00,wyaanana
1,when i open the photos to import it’s a black screen every time,i also am not able to take photos,2025-01-31T19:34:22-07:00,barthalomsjdhdbdbdh
5,Great,"This app is super helpful when trying to make your photos look amazing. The UI is very easy to pick out and find a camera you would like to use and it even shows an example. It does video and photo and is what I use over my normal camera app. Personally the Polaroid is my favorite, I have a physical Polaroid but the film is expensive and tedious to buy. This solved those problems.",2025-01-29T12:03:42-07:00,Grant🇮🇹
5,OH MY GOODNESS DEF GET!,this is EXACTLY what i have been looking for! and also it’s FREE but you can also get pro if you want too!,2025-01-28T19:27:08-07:00,CallieRhea13
4,出片很好看但是拍摄体验一般,选相机太麻烦，变焦太麻烦,2025-01-24T03:45:26-07:00,Juneberries06
4,Needs More Raw Support,"Overall I like this app and use it regularly.  While you can save the original photos, only a very small number of cameras support saving the original Raw photo.   This is disappointing.",2025-01-21T16:10:50-07:00,who cares about a nickname? 17
5,Dazz cam lo mejor que ay,Me encanta se parece a la cámara de dafnne JM 🫶🏻💗 me la mejor aplicación,2025-01-18T14:56:06-07:00,Kathe🫶🏻💗
5,Good app,"The best cam app, but when will it support the cam button of iPhone 16? I mean open with a click of the button, change with touching and a light-click",2025-01-12T21:29:31-07:00,Towalish
5,Actually doesn’t bother me 😃,Although there are filters that you pay for. It doesn’t bother you for not paying. Which makes me wanna pay cause I can actually use the app! Keep it up,2025-01-10T10:34:34-07:00,Mofkee
5,I wish more apps were like this,"It’s clear the developers aren’t money hungry. They have a super cheap annual subscription option or a very reasonable one-time payment option. The app is also very useable without paying. All of the camera options are even better than I expected them to be. No complaints here, and I wish more app developers would use an approach like this one.",2025-01-08T18:32:29-07:00,MonicaSM95
3,Nice but hard to navigate,Struggled to get out of homepage,2025-01-08T04:51:25-07:00,lara the koala
5,Best app,Best app i ever seen,2025-01-06T10:42:14-07:00,walid clean
4,Love it!! They are so cute for instagram photos and memories.,🎀 so aesthetic and for it being free it still has lots of options!,2025-01-03T17:45:35-07:00,K_des_10!🫶🏻🤍✨
4,Amazing Selection,This app is by far the best app I’ve seen with a wide variety of film sims. Holding off on getting pro until Camera Control gets added.  I can see me using this as a default camera app once camera control gets implemented.,2025-01-03T01:31:14-07:00,aBentoBox.
4,Wonderful but..,"Amazing camera app! But i can’t use the Dam camera, it says only Iphone 15’s and up are compatible but i have a 16?? Please address this!",2025-01-02T11:50:21-07:00,5352865394
5,Developers PLEASE read,"I am a long time user of this app and love it!!! However, one aspect breaks my heart. Not being able to import photos with R series cameras!!!! Please could this be a fixable thing? My favorite camera is the CCD R but i find myself using different apps a lot because i can import with their cams. But i would LOVE to import with my favorite camera on my favorite app!!! Still 5 stars but please can there be a solution!!! ❤️",2024-12-24T23:10:16-07:00,TwentyFiveTragedies
4,I recommend,So I recommend this although it is annoying because it doesn’t save all of the pictures but at least the pictures it saves come out cute,2024-12-22T19:43:28-07:00,made by Alanna
5,Best Photo Video app,"This is the best camera app ever, it has simple ui but gives so much control. There are a lot of free presets and they are all good. And it will be better if you add toggle to turn off camera sounds.",2024-12-19T02:44:09-07:00,Smnwhusiphn15pr
5,My favorite app,"This has got to be one of my favorite apps ever, it enhanced my ability and quality of photos to the max, anytime I see something that can be captured in a beautiful way I pull out this app and use the cameras, my personal favorite is the disposable one, I do wish it had an option to upload photos however. Nonetheless I still love it and it works perfectly!!!",2024-12-15T21:34:54-07:00,nastiklim
5,This app is so good,l  love this app is so cute am obsessed with this app !💗,2024-12-15T15:26:29-07:00,Best Crumbl cookie
5,The best,It is the best thing to take photos,2024-12-15T15:18:05-07:00,it cool bit
5,希望能早日兼容16 Pro的相机控制按钮,希望能早日兼容16 Pro的相机控制按钮 长按侧边相机按钮能呼出Dazz会很方便 谢谢,2024-11-27T16:02:06-07:00,ChrisX_Xzb
4,Great app but needs HD support,"I want to export in 1080p or 4K quality, currently it exports at 720",2024-11-27T10:23:04-07:00,alfram97
3,Nice but same flaw,The film emulations are nice but this app suffers the same flaw as another popular app. It will not allow you to import a photo taken with the native iPhone app and apply the film effects to those.,2024-11-26T19:56:06-07:00,Mike_in_vt
5,Number 1 Fan,The question people ask me the most is “what do you use to take your photos” and I tell them my iPhone with Dazz Cam. I’ve probably converted at least 100 people by now. I LOVE Dazz Cam. I use it every single day. keep up the amazing work. I think this is the best camera app that exists even at a professional level.,2024-11-26T08:15:26-07:00,Jakexyzabc
5,Camera Control Suggestion,Could it be possible to add a feature that allows me to press the camera control button to turn on the Dazz Camera?,2024-11-04T21:53:16-07:00,alexnotregulus
1,Can’t Upload Photos,I cannot even upload photos… and can’t find any help anywhere.,2024-11-04T15:37:24-07:00,paytynrw
5,NEVER NEED A 100$ DIGITAL CAMERA,I’ve been so stressed abt taking cute pictures but this app is a LIFE saver omgee,2024-11-04T15:01:51-07:00,tankamahal
5,Come back to 90s,"It’s Amazing, it make me feel likes my childhood ♥️",2024-10-27T08:53:22-07:00,Yulianny Betancourt
5,So good!!!!!,SO AMAZING IVE SPENT five hours of searching up soccer photos and seeing how they turned out and they’re amazing,2024-10-26T12:35:17-07:00,ijnijnjinjiniu
4,哪个免费🆓能不能标下,啊啊啊啊啊啊我找不到,2024-10-25T08:22:29-07:00,fff sex
5,希望改进,有时候只想要滤镜，颗粒感能不能给个开关,2024-10-25T02:42:57-07:00,gungun mk
5,Alternative to more popular filter cams,"I was looking for a camera app that had a bunch of fun lens and film simulations, but most are an expensive subscription without a lifetime purchase option. 

Not only is this affordable in comparison, the filters are incredibly fun!

I hope to see a lot more camera models in the future.",2024-10-17T19:31:43-07:00,Party Tortoise
5,Awesome,It’s awesome it adds filters making pictures look great,2024-10-13T16:43:43-07:00,Codder946
1,永久购买dazz pro,不知道为什么国内88rmb可以购买，我用美区账号扣了我22刀 差了一倍的价格….,2024-10-11T08:06:22-07:00,xxxxxxmonkid
5,THE BEST VINTAGE CAMERA APP,literally worth every cent i love this app,2024-10-07T16:28:28-07:00,14911.04.nik
4,Awesome app just one thing!!,"I love this app ALOT! i use the free version but probably will buy it if they add one small feature! If they could make it so there’s a toggle or option to make the sound quality on like vhs or any of the older camera’s to actually sound old as well that would be amazing, like a small hint of distortion would be awesome, i love the app tho keep up the work!!",2024-10-01T23:56:08-07:00,tylenoltyx
4,Dazzcam Review 😍😍,"Great App! Now any fun place I need to go, I can always and always use dazzcam instead of my Polaroid!!!!",2024-10-01T07:03:08-07:00,shebeee
5,Love this app,"Used it today to take pictures and had multiple people ask me to take their photos. Lots of compliments from people. The only problem I have is that Their is a very small selection of free cameras. Maybe instead of having to buy a subscription, you can just buy the cameras individually for a dollar since I wouldn’t always use them all.",2024-09-29T17:48:38-07:00,MotherTrucker68
5,如果original可以出live模式 我可以再花八十八 真的呜呜,有生之年求求original的live模式 求求求 这个模式比其他去锐化的拍照软件都好看呜呜 要是有live就完美死了,2024-09-26T08:10:02-07:00,lzmmmmmmmmmmm
5,Queja,Horrible,2024-09-24T12:53:42-07:00,no is very good
4,Shutter spound,How do i tuen off the shutter sound? Pretty annoying when you are trying to photograph people without them noticing at first,2024-09-24T08:19:02-07:00,leonm90
5,I just love this camera App,This app is good for taking quick edgy photos. Great quality if you ask me. Its just a really good camera to keep on your phone.,2024-09-23T21:45:25-07:00,dezavoy
5,"Love the app, please adapt to iPhone 16 pro and Max soon.","Been such a fan and having my friends downloading this app. Great work guys. 

Can we prioritize the camera button (on the iPhone 16 Pro/Max) feature’s integration with Dazz? Assuming the adaptation rate for camera obsessed fans are all upgrading to the 16s and I’d like to hit the camera button and open Dazz instead of the apple native camera. (In the future the team can consider to add the zoom in/out feature, but first let me have a quick way to access your app and capture more moment! 

Suggested actions upon hitting the button -> open+taking photo.",2024-09-23T17:14:18-07:00,WolfassTopXxxx
1,Bruh,Almost everything is behind a paywall.,2024-09-22T15:40:27-07:00,heylo9
5,Best Of The Best.,"Absolutely Grateful for this app. Seriously it has everything I need to create, thank you to the developers. Do yourself a favor and purchase Dazz Pro.",2024-09-22T06:54:59-07:00,YuNg $LuMp
5,Dazz cam,This is the most best app ever.,2024-09-17T23:45:35-07:00,Kfhufbfjs
1,Pictures very dark,Pictures very dark and wont record video,2024-09-17T14:19:43-07:00,mohsen ziyada
5,Greta app,Great app!,2024-09-15T00:52:03-07:00,12345677778977
5,version update,"really love the app, hope that it will be compatible with the new iPhone 16 camera button soon",2024-09-13T12:08:16-07:00,MichaelShawnWalean
5,5 stars!!,"It is so fun, and adds a little detail that makes the pictures a lot better!!",2024-09-08T06:09:26-07:00,God is so amazing!!
1,Hard to use.,Would be nice to see what a photo will look like before you edit it.,2024-09-07T08:57:18-07:00,TWXXL
1,Skip it unless you are using the camera feature,This app makes applying filters to photos you’ve already taken painstakingly tedious.,2024-09-03T16:38:49-07:00,bbkcow
5,Great app for anybody,This app improved a lot and has great features! Im not a robot btw if you thought but anyway like i was saying this app is great! Not only is it for iPhone but its also on Samsung! The only feature this great app needs is an option to add all your photos to there gallery but besides that this is one of thoes apps that you need to try,2024-09-03T11:09:25-07:00,ericsupersaiyan
5,Amazing all i can say well worth the momey,"Title, nuff said",2024-08-29T10:12:17-07:00,Subordinates
5,"Intuitive, fun, and good value!","Pro user here really enjoying the app

Feature ask: would love a way to save my favorite cameras",2024-08-27T20:14:30-07:00,"Cfdtylv,uthdy"
4,Love but missing some of the features,"My sister has this same app and has more features than I do. She is able to put white boarders around the photos she imports and takes but I’ve looked several times, deleted them redownloaded, and looked up what is wrong and can’t figure it out :/",2024-08-22T14:53:32-07:00,I am awsomer than you
5,Amazing range of styles/effects,"I looked through dozens of camera effect apps and found that they were either adding too much ‘effect’ without enough controls, or they were hidden behind big paywalls. Dazz offers so many photo and video styles, with controls for light, temperature, and other lens effects. Incredible app, worthy of my writing my first App Store review.",2024-08-19T08:18:42-07:00,SkittPhoto
5,Perfect,I refuse to take pictures any other way!,2024-08-15T18:49:15-07:00,DanielKtheRatingPersonn
5,So cool!,I wasn’t expecting to like it. It’s nice,2024-08-15T01:53:37-07:00,LoopDeveloper
5,Worth it!,Their effects for picture and video are spectacular. Been used this app for 4 years!,2024-08-11T21:25:21-07:00,Alex Reichelt
5,"11/10, photos look INCREDIBLE!","This app takes INCREDIBLE PHOTOS, especially with the CPM-35. I love this app already, and is now my primary camera app. Thank you devs for making this app useable and not having to pay for everything, I really appreciate it.

Note to devs:
-Could yall add more free video options like the JVC EVARIO? The video footage that the camera looks incredible, and it would be cool to see you replicate it in the app.
-Also, could you add a mode to lower pixel quality to match the original camera? Thatd be just an extra detail that could make a big difference.",2024-07-31T16:21:42-07:00,Relesc
5,I like it,Dope app! Well done developing team :),2024-07-20T22:25:21-07:00,The foxy girl
5,Dizz cam is the best,Dizz cam  is one of the famous camera apps ever,2024-07-19T22:38:24-07:00,𝒥ℴ𝓈𝒾𝒶𝒽 𝒹𝒶𝓃𝒾ℯ𝓁
5,love,I LOVE THIS FREAKING APP SO MUCH PLEASE GET,2024-07-17T20:20:39-07:00,layla c acosta
5,I love it,Best app Eva . Will only use this app take this pics,2024-07-12T08:09:54-07:00,Mel2473
5,Amo,Amo,2024-07-11T15:57:51-07:00,sdetrbxev
5,incredibly well made,"this app is unbelievable!! these effects are often random, so you get different grain/dust ect. the frames that look like film strips are also changing exactly like you are advancing through a roll of film 😳 the developers of this are obsessive and passionate",2024-07-11T00:30:26-07:00,cal9219
